year_month,month_of_release,passenger_type,direction,citizenship,visa,country_of_residence,estimate,standard_error,status,_id
2017-10,2019-01,Long-term migrant,Arrivals,TOTAL,TOTAL,Afghanistan,27,0,Provisional,28662
2017-10,2019-01,Long-term migrant,Arrivals,TOTAL,TOTAL,Africa and the Middle East,965,0,Provisional,28663
2017-10,2019-01,Long-term migrant,Arrivals,TOTAL,TOTAL,Albania,1,0,Provisional,28664
2017-10,2019-01,Long-term migrant,Arrivals,TOTAL,TOTAL,Algeria,4,0,Provisional,28665
2017-10,2019-01,Long-term migrant,Arrivals,TOTAL,TOTAL,Antigua and Barbuda,1,0,Provisional,28666
2017-10,2019-01,Long-term migrant,Arrivals,TOTAL,TOTAL,Argentina,53,0,Provisional,28667
2017-10,2019-01,Long-term migrant,Arrivals,TOTAL,TOTAL,Asia,3935.006,0.431590105,Provisional,28668
2017-10,2019-01,Long-term migrant,Arrivals,TOTAL,TOTAL,Australia,2038.03,0.117010621,Provisional,28669
2017-10,2019-01,Long-term migrant,Arrivals,TOTAL,TOTAL,Austria,15,0,Provisional,28670
2017-10,2019-01,Long-term migrant,Arrivals,TOTAL,TOTAL,Bahrain,4,0,Provisional,28671
2017-10,2019-01,Long-term migrant,Arrivals,TOTAL,TOTAL,Bangladesh,19,0,Provisional,28672
2017-10,2019-01,Long-term migrant,Arrivals,TOTAL,TOTAL,Belarus,9,0,Provisional,28673
2017-10,2019-01,Long-term migrant,Arrivals,TOTAL,TOTAL,Belgium,29,0,Provisional,28674
2017-10,2019-01,Long-term migrant,Arrivals,TOTAL,TOTAL,Bermuda,9,0,Provisional,28675
2017-10,2019-01,Long-term migrant,Arrivals,TOTAL,TOTAL,Bolivia,2,0,Provisional,28676
2017-10,2019-01,Long-term migrant,Arrivals,TOTAL,TOTAL,Bosnia and Herzegovina,6,0,Provisional,28677
2017-10,2019-01,Long-term migrant,Arrivals,TOTAL,TOTAL,Botswana,2,0,Provisional,28678
2017-10,2019-01,Long-term migrant,Arrivals,TOTAL,TOTAL,Brazil,120.086,0.206901909,Provisional,28679
2017-10,2019-01,Long-term migrant,Arrivals,TOTAL,TOTAL,Brunei Darussalam,6,0,Provisional,28680
2017-10,2019-01,Long-term migrant,Arrivals,TOTAL,TOTAL,Cambodia,20,0,Provisional,28681
2017-10,2019-01,Long-term migrant,Arrivals,TOTAL,TOTAL,Canada,245,0,Provisional,28682
2017-10,2019-01,Long-term migrant,Arrivals,TOTAL,TOTAL,Cayman Islands,9,0,Provisional,28683
2017-10,2019-01,Long-term migrant,Arrivals,TOTAL,TOTAL,Chile,92,0,Provisional,28684
2017-10,2019-01,Long-term migrant,Arrivals,TOTAL,TOTAL,China,1063.944,0.381093159,Provisional,28685
2017-10,2019-01,Long-term migrant,Arrivals,TOTAL,TOTAL,Colombia,43,0,Provisional,28686
2017-10,2019-01,Long-term migrant,Arrivals,TOTAL,TOTAL,Congo,1,0,Provisional,28687
2017-10,2019-01,Long-term migrant,Arrivals,TOTAL,TOTAL,Cook Islands,29,0,Provisional,28688
2017-10,2019-01,Long-term migrant,Arrivals,TOTAL,TOTAL,Costa Rica,1,0,Provisional,28689
2017-10,2019-01,Long-term migrant,Arrivals,TOTAL,TOTAL,Croatia,7,0,Provisional,28690
2017-10,2019-01,Long-term migrant,Arrivals,TOTAL,TOTAL,Cuba,1,0,Provisional,28691
2017-10,2019-01,Long-term migrant,Arrivals,TOTAL,TOTAL,Czech Republic / Czechia,82,0,Provisional,28692
2017-10,2019-01,Long-term migrant,Arrivals,TOTAL,TOTAL,Denmark,11,0,Provisional,28693
2017-10,2019-01,Long-term migrant,Arrivals,TOTAL,TOTAL,Ecuador,30,0,Provisional,28694
2017-10,2019-01,Long-term migrant,Arrivals,TOTAL,TOTAL,Egypt,17,0,Provisional,28695
2017-10,2019-01,Long-term migrant,Arrivals,TOTAL,TOTAL,El Salvador,1,0,Provisional,28696
2017-10,2019-01,Long-term migrant,Arrivals,TOTAL,TOTAL,Estonia,4,0,Provisional,28697
2017-10,2019-01,Long-term migrant,Arrivals,TOTAL,TOTAL,Ethiopia,8,0,Provisional,28698
2017-10,2019-01,Long-term migrant,Arrivals,TOTAL,TOTAL,Europe,2270.136,0.304999376,Provisional,28699
2017-10,2019-01,Long-term migrant,Arrivals,TOTAL,TOTAL,Fiji,189,0,Provisional,28700
2017-10,2019-01,Long-term migrant,Arrivals,TOTAL,TOTAL,Finland,12,0,Provisional,28701
2017-10,2019-01,Long-term migrant,Arrivals,TOTAL,TOTAL,Former Yugoslav Republic of Macedonia (FYROM),6,0,Provisional,28702
2017-10,2019-01,Long-term migrant,Arrivals,TOTAL,TOTAL,France,177.064,0.20693412,Provisional,28703
2017-10,2019-01,Long-term migrant,Arrivals,TOTAL,TOTAL,French Polynesia,10,0,Provisional,28704
2017-10,2019-01,Long-term migrant,Arrivals,TOTAL,TOTAL,Gaza Strip/Palestine/West Bank,1,0,Provisional,28705
2017-10,2019-01,Long-term migrant,Arrivals,TOTAL,TOTAL,Germany,173,0,Provisional,28706
2017-10,2019-01,Long-term migrant,Arrivals,TOTAL,TOTAL,Greece,2,0,Provisional,28707
2017-10,2019-01,Long-term migrant,Arrivals,TOTAL,TOTAL,Grenada,1,0,Provisional,28708
2017-10,2019-01,Long-term migrant,Arrivals,TOTAL,TOTAL,Guam,1,0,Provisional,28709
2017-10,2019-01,Long-term migrant,Arrivals,TOTAL,TOTAL,Guatemala,2,0,Provisional,28710
2017-10,2019-01,Long-term migrant,Arrivals,TOTAL,TOTAL,Guyana,1,0,Provisional,28711
2017-10,2019-01,Long-term migrant,Arrivals,TOTAL,TOTAL,Hong Kong (Special Administrative Region),71,0,Provisional,28712
2017-10,2019-01,Long-term migrant,Arrivals,TOTAL,TOTAL,Hungary,3,0,Provisional,28713
2017-10,2019-01,Long-term migrant,Arrivals,TOTAL,TOTAL,Iceland,1,0,Provisional,28714
2017-10,2019-01,Long-term migrant,Arrivals,TOTAL,TOTAL,India,949,0,Provisional,28715
2017-10,2019-01,Long-term migrant,Arrivals,TOTAL,TOTAL,Indonesia,68,0,Provisional,28716
2017-10,2019-01,Long-term migrant,Arrivals,TOTAL,TOTAL,Iran,21,0,Provisional,28717
2017-10,2019-01,Long-term migrant,Arrivals,TOTAL,TOTAL,Ireland,62,0,Provisional,28718
2017-10,2019-01,Long-term migrant,Arrivals,TOTAL,TOTAL,Israel,12,0,Provisional,28719
2017-10,2019-01,Long-term migrant,Arrivals,TOTAL,TOTAL,Italy,36,0,Provisional,28720
2017-10,2019-01,Long-term migrant,Arrivals,TOTAL,TOTAL,Japan,99.062,0.158831836,Provisional,28721
2017-10,2019-01,Long-term migrant,Arrivals,TOTAL,TOTAL,Jordan,5,0,Provisional,28722
2017-10,2019-01,Long-term migrant,Arrivals,TOTAL,TOTAL,Kazakhstan,7,0,Provisional,28723
2017-10,2019-01,Long-term migrant,Arrivals,TOTAL,TOTAL,Kenya,13,0,Provisional,28724
2017-10,2019-01,Long-term migrant,Arrivals,TOTAL,TOTAL,Kiribati,16,0,Provisional,28725
2017-10,2019-01,Long-term migrant,Arrivals,TOTAL,TOTAL,Republic of Korea,203,0,Provisional,28726
2017-10,2019-01,Long-term migrant,Arrivals,TOTAL,TOTAL,Kuwait,18,0,Provisional,28727
2017-10,2019-01,Long-term migrant,Arrivals,TOTAL,TOTAL,Laos,6,0,Provisional,28728
2017-10,2019-01,Long-term migrant,Arrivals,TOTAL,TOTAL,Lebanon,36,0,Provisional,28729
2017-10,2019-01,Long-term migrant,Arrivals,TOTAL,TOTAL,Libya,1,0,Provisional,28730
2017-10,2019-01,Long-term migrant,Arrivals,TOTAL,TOTAL,Lithuania,9,0,Provisional,28731
2017-10,2019-01,Long-term migrant,Arrivals,TOTAL,TOTAL,Macau (Special Administrative Region),2,0,Provisional,28732
2017-10,2019-01,Long-term migrant,Arrivals,TOTAL,TOTAL,Madagascar,1,0,Provisional,28733
2017-10,2019-01,Long-term migrant,Arrivals,TOTAL,TOTAL,Malawi,3,0,Provisional,28734
2017-10,2019-01,Long-term migrant,Arrivals,TOTAL,TOTAL,Malaysia,141,0,Provisional,28735
2017-10,2019-01,Long-term migrant,Arrivals,TOTAL,TOTAL,Malta,1,0,Provisional,28736
2017-10,2019-01,Long-term migrant,Arrivals,TOTAL,TOTAL,Marshall Islands,2,0,Provisional,28737
2017-10,2019-01,Long-term migrant,Arrivals,TOTAL,TOTAL,Mexico,15,0,Provisional,28738
2017-10,2019-01,Long-term migrant,Arrivals,TOTAL,TOTAL,Mongolia,1,0,Provisional,28739
2017-10,2019-01,Long-term migrant,Arrivals,TOTAL,TOTAL,Morocco,1,0,Provisional,28740
2017-10,2019-01,Long-term migrant,Arrivals,TOTAL,TOTAL,Myanmar,10,0,Provisional,28741
2017-10,2019-01,Long-term migrant,Arrivals,TOTAL,TOTAL,Namibia,1,0,Provisional,28742
2017-10,2019-01,Long-term migrant,Arrivals,TOTAL,TOTAL,Nepal,55,0,Provisional,28743
2017-10,2019-01,Long-term migrant,Arrivals,TOTAL,TOTAL,Netherlands,72,0,Provisional,28744
2017-10,2019-01,Long-term migrant,Arrivals,TOTAL,TOTAL,New Caledonia,16,0,Provisional,28745
2017-10,2019-01,Long-term migrant,Arrivals,TOTAL,TOTAL,New Zealand,9,0,Provisional,28746
2017-10,2019-01,Long-term migrant,Arrivals,TOTAL,TOTAL,Nigeria,8,0,Provisional,28747
2017-10,2019-01,Long-term migrant,Arrivals,TOTAL,TOTAL,Niue,5,0,Provisional,28748
2017-10,2019-01,Long-term migrant,Arrivals,TOTAL,TOTAL,Norway,4,0,Provisional,28749
2017-10,2019-01,Long-term migrant,Arrivals,TOTAL,TOTAL,Not Stated,1087,0,Provisional,28750
2017-10,2019-01,Long-term migrant,Arrivals,TOTAL,TOTAL,Oceania and Antarctica,2641.03,0.117010621,Provisional,28751
2017-10,2019-01,Long-term migrant,Arrivals,TOTAL,TOTAL,Oman,8,0,Provisional,28752
2017-10,2019-01,Long-term migrant,Arrivals,TOTAL,TOTAL,Pakistan,58,0,Provisional,28753
2017-10,2019-01,Long-term migrant,Arrivals,TOTAL,TOTAL,Panama,4,0,Provisional,28754
2017-10,2019-01,Long-term migrant,Arrivals,TOTAL,TOTAL,Papua New Guinea,1,0,Provisional,28755
2017-10,2019-01,Long-term migrant,Arrivals,TOTAL,TOTAL,Peru,11,0,Provisional,28756
2017-10,2019-01,Long-term migrant,Arrivals,TOTAL,TOTAL,Philippines,619,0,Provisional,28757
2017-10,2019-01,Long-term migrant,Arrivals,TOTAL,TOTAL,Poland,8,0,Provisional,28758
2017-10,2019-01,Long-term migrant,Arrivals,TOTAL,TOTAL,Portugal,1,0,Provisional,28759
2017-10,2019-01,Long-term migrant,Arrivals,TOTAL,TOTAL,Qatar,58,0,Provisional,28760
2017-10,2019-01,Long-term migrant,Arrivals,TOTAL,TOTAL,Romania,6,0,Provisional,28761
2017-10,2019-01,Long-term migrant,Arrivals,TOTAL,TOTAL,Russia,70,0,Provisional,28762
2017-10,2019-01,Long-term migrant,Arrivals,TOTAL,TOTAL,Samoa,190,0,Provisional,28763
2017-10,2019-01,Long-term migrant,Arrivals,TOTAL,TOTAL,Samoa,5,0,Provisional,28764
2017-10,2019-01,Long-term migrant,Arrivals,TOTAL,TOTAL,Saudi Arabia,76,0,Provisional,28765
2017-10,2019-01,Long-term migrant,Arrivals,TOTAL,TOTAL,Serbia,12,0,Provisional,28766
2017-10,2019-01,Long-term migrant,Arrivals,TOTAL,TOTAL,Seychelles,4,0,Provisional,28767
2017-10,2019-01,Long-term migrant,Arrivals,TOTAL,TOTAL,Singapore,104,0,Provisional,28768
2017-10,2019-01,Long-term migrant,Arrivals,TOTAL,TOTAL,Slovakia,2,0,Provisional,28769
2017-10,2019-01,Long-term migrant,Arrivals,TOTAL,TOTAL,Slovenia,2,0,Provisional,28770
2017-10,2019-01,Long-term migrant,Arrivals,TOTAL,TOTAL,Solomon Islands,2,0,Provisional,28771
2017-10,2019-01,Long-term migrant,Arrivals,TOTAL,TOTAL,Somalia,5,0,Provisional,28772
2017-10,2019-01,Long-term migrant,Arrivals,TOTAL,TOTAL,South Africa,531,0,Provisional,28773
2017-10,2019-01,Long-term migrant,Arrivals,TOTAL,TOTAL,Spain,26,0,Provisional,28774
2017-10,2019-01,Long-term migrant,Arrivals,TOTAL,TOTAL,Sri Lanka,117,0,Provisional,28775
2017-10,2019-01,Long-term migrant,Arrivals,TOTAL,TOTAL,Sudan,1,0,Provisional,28776
2017-10,2019-01,Long-term migrant,Arrivals,TOTAL,TOTAL,Suriname,1,0,Provisional,28777
2017-10,2019-01,Long-term migrant,Arrivals,TOTAL,TOTAL,Swaziland / Eswatini,1,0,Provisional,28778
2017-10,2019-01,Long-term migrant,Arrivals,TOTAL,TOTAL,Sweden,28,0,Provisional,28779
2017-10,2019-01,Long-term migrant,Arrivals,TOTAL,TOTAL,Switzerland,42,0,Provisional,28780
2017-10,2019-01,Long-term migrant,Arrivals,TOTAL,TOTAL,Taiwan,59,0,Provisional,28781
2017-10,2019-01,Long-term migrant,Arrivals,TOTAL,TOTAL,Tajikistan,1,0,Provisional,28782
2017-10,2019-01,Long-term migrant,Arrivals,TOTAL,TOTAL,Tanzania,1,0,Provisional,28783
2017-10,2019-01,Long-term migrant,Arrivals,TOTAL,TOTAL,Thailand,120,0,Provisional,28784
2017-10,2019-01,Long-term migrant,Arrivals,TOTAL,TOTAL,The Americas,1064.116,0.253743218,Provisional,28785
2017-10,2019-01,Long-term migrant,Arrivals,TOTAL,TOTAL,Timor-Leste,1,0,Provisional,28786
2017-10,2019-01,Long-term migrant,Arrivals,TOTAL,TOTAL,Tokelau,1,0,Provisional,28787
2017-10,2019-01,Long-term migrant,Arrivals,TOTAL,TOTAL,Tonga,120,0,Provisional,28788
2017-10,2019-01,Long-term migrant,Arrivals,TOTAL,TOTAL,TOTAL,11962.288,0.701828885,Provisional,28789
2017-10,2019-01,Long-term migrant,Arrivals,TOTAL,TOTAL,Tunisia,1,0,Provisional,28790
2017-10,2019-01,Long-term migrant,Arrivals,TOTAL,TOTAL,Turkey,12,0,Provisional,28791
2017-10,2019-01,Long-term migrant,Arrivals,TOTAL,TOTAL,Tuvalu,4,0,Provisional,28792
2017-10,2019-01,Long-term migrant,Arrivals,TOTAL,TOTAL,Ukraine,14,0,Provisional,28793
2017-10,2019-01,Long-term migrant,Arrivals,TOTAL,TOTAL,United Arab Emirates,97,0,Provisional,28794
2017-10,2019-01,Long-term migrant,Arrivals,TOTAL,TOTAL,United Kingdom,1337.072,0.173176166,Provisional,28795
2017-10,2019-01,Long-term migrant,Arrivals,TOTAL,TOTAL,United States of America,403.03,0.084494897,Provisional,28796
2017-10,2019-01,Long-term migrant,Arrivals,TOTAL,TOTAL,Uruguay,19,0,Provisional,28797
2017-10,2019-01,Long-term migrant,Arrivals,TOTAL,TOTAL,Vanuatu,3,0,Provisional,28798
2017-10,2019-01,Long-term migrant,Arrivals,TOTAL,TOTAL,Viet Nam,108,0,Provisional,28799
2017-10,2019-01,Long-term migrant,Arrivals,TOTAL,TOTAL,Zambia,4,0,Provisional,28800
2017-10,2019-01,Long-term migrant,Arrivals,TOTAL,TOTAL,Zimbabwe,9,0,Provisional,28801
2017-11,2019-01,Long-term migrant,Arrivals,TOTAL,TOTAL,Afghanistan,5,0,Provisional,28802
2017-11,2019-01,Long-term migrant,Arrivals,TOTAL,TOTAL,Africa and the Middle East,730.648,1.422535616,Provisional,28803
2017-11,2019-01,Long-term migrant,Arrivals,TOTAL,TOTAL,Albania,2,0,Provisional,28804
2017-11,2019-01,Long-term migrant,Arrivals,TOTAL,TOTAL,Algeria,2,0,Provisional,28805
2017-11,2019-01,Long-term migrant,Arrivals,TOTAL,TOTAL,Angola,1,0,Provisional,28806
2017-11,2019-01,Long-term migrant,Arrivals,TOTAL,TOTAL,Antarctica,1,0,Provisional,28807
2017-11,2019-01,Long-term migrant,Arrivals,TOTAL,TOTAL,Argentina,79.82,0.763594115,Provisional,28808
2017-11,2019-01,Long-term migrant,Arrivals,TOTAL,TOTAL,Asia,3774.336,7.828920743,Provisional,28809
2017-11,2019-01,Long-term migrant,Arrivals,TOTAL,TOTAL,Australia,2165.988,7.387587605,Provisional,28810
2017-11,2019-01,Long-term migrant,Arrivals,TOTAL,TOTAL,Austria,11.278,0.414641563,Provisional,28811
2017-11,2019-01,Long-term migrant,Arrivals,TOTAL,TOTAL,Bahrain,4,0,Provisional,28812
2017-11,2019-01,Long-term migrant,Arrivals,TOTAL,TOTAL,Bangladesh,22.73,0.468252545,Provisional,28813
2017-11,2019-01,Long-term migrant,Arrivals,TOTAL,TOTAL,Belarus,2,0,Provisional,28814
2017-11,2019-01,Long-term migrant,Arrivals,TOTAL,TOTAL,Belgium,19.5,0.518246562,Provisional,28815
2017-11,2019-01,Long-term migrant,Arrivals,TOTAL,TOTAL,Bermuda,2,0,Provisional,28816
2017-11,2019-01,Long-term migrant,Arrivals,TOTAL,TOTAL,Bolivia,5,0,Provisional,28817
2017-11,2019-01,Long-term migrant,Arrivals,TOTAL,TOTAL,Botswana,2,0,Provisional,28818
2017-11,2019-01,Long-term migrant,Arrivals,TOTAL,TOTAL,Brazil,155.574,0.622175873,Provisional,28819
2017-11,2019-01,Long-term migrant,Arrivals,TOTAL,TOTAL,Brunei Darussalam,3,0,Provisional,28820
2017-11,2019-01,Long-term migrant,Arrivals,TOTAL,TOTAL,Bulgaria,1,0,Provisional,28821
2017-11,2019-01,Long-term migrant,Arrivals,TOTAL,TOTAL,Burundi,1,0,Provisional,28822
2017-11,2019-01,Long-term migrant,Arrivals,TOTAL,TOTAL,Cambodia,13,0,Provisional,28823
2017-11,2019-01,Long-term migrant,Arrivals,TOTAL,TOTAL,Canada,223.578,1.548275211,Provisional,28824
2017-11,2019-01,Long-term migrant,Arrivals,TOTAL,TOTAL,Cayman Islands,3,0,Provisional,28825
2017-11,2019-01,Long-term migrant,Arrivals,TOTAL,TOTAL,Chile,60.24,0.440313186,Provisional,28826
2017-11,2019-01,Long-term migrant,Arrivals,TOTAL,TOTAL,China,950.396,4.38437358,Provisional,28827
2017-11,2019-01,Long-term migrant,Arrivals,TOTAL,TOTAL,Colombia,32,0,Provisional,28828
2017-11,2019-01,Long-term migrant,Arrivals,TOTAL,TOTAL,The Democratic Republic of the Congo,1,0,Provisional,28829
2017-11,2019-01,Long-term migrant,Arrivals,TOTAL,TOTAL,Cook Islands,21.742,0.471999861,Provisional,28830
2017-11,2019-01,Long-term migrant,Arrivals,TOTAL,TOTAL,Costa Rica,1,0,Provisional,28831
2017-11,2019-01,Long-term migrant,Arrivals,TOTAL,TOTAL,Croatia,6.112,0.277433104,Provisional,28832
2017-11,2019-01,Long-term migrant,Arrivals,TOTAL,TOTAL,Cyprus,4,0,Provisional,28833
2017-11,2019-01,Long-term migrant,Arrivals,TOTAL,TOTAL,Czech Republic / Czechia,96.664,1.142403554,Provisional,28834
2017-11,2019-01,Long-term migrant,Arrivals,TOTAL,TOTAL,Denmark,14.176,0.343378015,Provisional,28835
2017-11,2019-01,Long-term migrant,Arrivals,TOTAL,TOTAL,Ecuador,5,0,Provisional,28836
2017-11,2019-01,Long-term migrant,Arrivals,TOTAL,TOTAL,Egypt,5,0,Provisional,28837
2017-11,2019-01,Long-term migrant,Arrivals,TOTAL,TOTAL,Estonia,0.092,0.261375848,Provisional,28838
2017-11,2019-01,Long-term migrant,Arrivals,TOTAL,TOTAL,Ethiopia,8,0,Provisional,28839
2017-11,2019-01,Long-term migrant,Arrivals,TOTAL,TOTAL,Europe,2449.172,7.319770651,Provisional,28840
2017-11,2019-01,Long-term migrant,Arrivals,TOTAL,TOTAL,Fiji,202.274,1.59084343,Provisional,28841
2017-11,2019-01,Long-term migrant,Arrivals,TOTAL,TOTAL,Finland,15.118,0.296895422,Provisional,28842
2017-11,2019-01,Long-term migrant,Arrivals,TOTAL,TOTAL,Former Yugoslav Republic of Macedonia (FYROM),6,0,Provisional,28843
2017-11,2019-01,Long-term migrant,Arrivals,TOTAL,TOTAL,France,208.276,2.857671916,Provisional,28844
2017-11,2019-01,Long-term migrant,Arrivals,TOTAL,TOTAL,French Polynesia,15.056,0.216232487,Provisional,28845
2017-11,2019-01,Long-term migrant,Arrivals,TOTAL,TOTAL,Georgia,1,0,Provisional,28846
2017-11,2019-01,Long-term migrant,Arrivals,TOTAL,TOTAL,Germany,195.602,1.610510755,Provisional,28847
2017-11,2019-01,Long-term migrant,Arrivals,TOTAL,TOTAL,Ghana,3,0,Provisional,28848
2017-11,2019-01,Long-term migrant,Arrivals,TOTAL,TOTAL,Greece,3,0,Provisional,28849
2017-11,2019-01,Long-term migrant,Arrivals,TOTAL,TOTAL,Guatemala,1,0,Provisional,28850
2017-11,2019-01,Long-term migrant,Arrivals,TOTAL,TOTAL,Guinea,1,0,Provisional,28851
2017-11,2019-01,Long-term migrant,Arrivals,TOTAL,TOTAL,Honduras,2,0,Provisional,28852
2017-11,2019-01,Long-term migrant,Arrivals,TOTAL,TOTAL,Hong Kong (Special Administrative Region),99.74,0.923479248,Provisional,28853
2017-11,2019-01,Long-term migrant,Arrivals,TOTAL,TOTAL,Hungary,13.118,0.168422705,Provisional,28854
2017-11,2019-01,Long-term migrant,Arrivals,TOTAL,TOTAL,Iceland,4,0,Provisional,28855
2017-11,2019-01,Long-term migrant,Arrivals,TOTAL,TOTAL,India,1040.42,1.960021958,Provisional,28856
2017-10,2019-01,Long-term migrant,Arrivals,TOTAL,NZ and Australian citizens,Afghanistan,2,0,Provisional,28857
2017-10,2019-01,Long-term migrant,Arrivals,TOTAL,NZ and Australian citizens,Africa and the Middle East,61,0,Provisional,28858
2017-10,2019-01,Long-term migrant,Arrivals,TOTAL,NZ and Australian citizens,Antigua and Barbuda,1,0,Provisional,28859
2017-10,2019-01,Long-term migrant,Arrivals,TOTAL,NZ and Australian citizens,Asia,192,0,Provisional,28860
2017-10,2019-01,Long-term migrant,Arrivals,TOTAL,NZ and Australian citizens,Australia,1770,0,Provisional,28861
2017-10,2019-01,Long-term migrant,Arrivals,TOTAL,NZ and Australian citizens,Austria,5,0,Provisional,28862
2017-10,2019-01,Long-term migrant,Arrivals,TOTAL,NZ and Australian citizens,Bahrain,1,0,Provisional,28863
2017-10,2019-01,Long-term migrant,Arrivals,TOTAL,NZ and Australian citizens,Bangladesh,1,0,Provisional,28864
2017-10,2019-01,Long-term migrant,Arrivals,TOTAL,NZ and Australian citizens,Belgium,2,0,Provisional,28865
2017-10,2019-01,Long-term migrant,Arrivals,TOTAL,NZ and Australian citizens,Bermuda,5,0,Provisional,28866
2017-10,2019-01,Long-term migrant,Arrivals,TOTAL,NZ and Australian citizens,Bosnia and Herzegovina,2,0,Provisional,28867
2017-10,2019-01,Long-term migrant,Arrivals,TOTAL,NZ and Australian citizens,Brazil,7,0,Provisional,28868
2017-10,2019-01,Long-term migrant,Arrivals,TOTAL,NZ and Australian citizens,Brunei Darussalam,2,0,Provisional,28869
2017-10,2019-01,Long-term migrant,Arrivals,TOTAL,NZ and Australian citizens,Cambodia,3,0,Provisional,28870
2017-10,2019-01,Long-term migrant,Arrivals,TOTAL,NZ and Australian citizens,Canada,98,0,Provisional,28871
2017-10,2019-01,Long-term migrant,Arrivals,TOTAL,NZ and Australian citizens,Cayman Islands,5,0,Provisional,28872
2017-10,2019-01,Long-term migrant,Arrivals,TOTAL,NZ and Australian citizens,Chile,1,0,Provisional,28873
2017-10,2019-01,Long-term migrant,Arrivals,TOTAL,NZ and Australian citizens,China,33,0,Provisional,28874
2017-10,2019-01,Long-term migrant,Arrivals,TOTAL,NZ and Australian citizens,Cook Islands,26,0,Provisional,28875
2017-10,2019-01,Long-term migrant,Arrivals,TOTAL,NZ and Australian citizens,Croatia,2,0,Provisional,28876
2017-10,2019-01,Long-term migrant,Arrivals,TOTAL,NZ and Australian citizens,Czech Republic / Czechia,1,0,Provisional,28877
2017-10,2019-01,Long-term migrant,Arrivals,TOTAL,NZ and Australian citizens,Denmark,5,0,Provisional,28878
2017-10,2019-01,Long-term migrant,Arrivals,TOTAL,NZ and Australian citizens,Europe,692,0,Provisional,28879
2017-10,2019-01,Long-term migrant,Arrivals,TOTAL,NZ and Australian citizens,Fiji,18,0,Provisional,28880
2017-10,2019-01,Long-term migrant,Arrivals,TOTAL,NZ and Australian citizens,Finland,1,0,Provisional,28881
2017-10,2019-01,Long-term migrant,Arrivals,TOTAL,NZ and Australian citizens,France,37,0,Provisional,28882
2017-10,2019-01,Long-term migrant,Arrivals,TOTAL,NZ and Australian citizens,French Polynesia,1,0,Provisional,28883
2017-10,2019-01,Long-term migrant,Arrivals,TOTAL,NZ and Australian citizens,Gaza Strip/Palestine/West Bank,1,0,Provisional,28884
2017-10,2019-01,Long-term migrant,Arrivals,TOTAL,NZ and Australian citizens,Germany,14,0,Provisional,28885
2017-10,2019-01,Long-term migrant,Arrivals,TOTAL,NZ and Australian citizens,Greece,1,0,Provisional,28886
2017-10,2019-01,Long-term migrant,Arrivals,TOTAL,NZ and Australian citizens,Grenada,1,0,Provisional,28887
2017-10,2019-01,Long-term migrant,Arrivals,TOTAL,NZ and Australian citizens,Guatemala,2,0,Provisional,28888
2017-10,2019-01,Long-term migrant,Arrivals,TOTAL,NZ and Australian citizens,Hong Kong (Special Administrative Region),18,0,Provisional,28889
2017-10,2019-01,Long-term migrant,Arrivals,TOTAL,NZ and Australian citizens,Hungary,3,0,Provisional,28890
2017-10,2019-01,Long-term migrant,Arrivals,TOTAL,NZ and Australian citizens,India,7,0,Provisional,28891
2017-10,2019-01,Long-term migrant,Arrivals,TOTAL,NZ and Australian citizens,Indonesia,15,0,Provisional,28892
2017-10,2019-01,Long-term migrant,Arrivals,TOTAL,NZ and Australian citizens,Ireland,9,0,Provisional,28893
2017-10,2019-01,Long-term migrant,Arrivals,TOTAL,NZ and Australian citizens,Israel,2,0,Provisional,28894
2017-10,2019-01,Long-term migrant,Arrivals,TOTAL,NZ and Australian citizens,Italy,6,0,Provisional,28895
2017-10,2019-01,Long-term migrant,Arrivals,TOTAL,NZ and Australian citizens,Japan,19,0,Provisional,28896
2017-10,2019-01,Long-term migrant,Arrivals,TOTAL,NZ and Australian citizens,Kenya,1,0,Provisional,28897
2017-10,2019-01,Long-term migrant,Arrivals,TOTAL,NZ and Australian citizens,Kiribati,1,0,Provisional,28898
2017-10,2019-01,Long-term migrant,Arrivals,TOTAL,NZ and Australian citizens,Republic of Korea,12,0,Provisional,28899
2017-10,2019-01,Long-term migrant,Arrivals,TOTAL,NZ and Australian citizens,Malawi,3,0,Provisional,28900
2017-10,2019-01,Long-term migrant,Arrivals,TOTAL,NZ and Australian citizens,Malaysia,15,0,Provisional,28901
2017-10,2019-01,Long-term migrant,Arrivals,TOTAL,NZ and Australian citizens,Malta,1,0,Provisional,28902
2017-10,2019-01,Long-term migrant,Arrivals,TOTAL,NZ and Australian citizens,Marshall Islands,2,0,Provisional,28903
2017-10,2019-01,Long-term migrant,Arrivals,TOTAL,NZ and Australian citizens,Mexico,1,0,Provisional,28904
2017-10,2019-01,Long-term migrant,Arrivals,TOTAL,NZ and Australian citizens,Morocco,1,0,Provisional,28905
2017-10,2019-01,Long-term migrant,Arrivals,TOTAL,NZ and Australian citizens,Myanmar,6,0,Provisional,28906
2017-10,2019-01,Long-term migrant,Arrivals,TOTAL,NZ and Australian citizens,Nepal,1,0,Provisional,28907
2017-10,2019-01,Long-term migrant,Arrivals,TOTAL,NZ and Australian citizens,Netherlands,20,0,Provisional,28908
2017-10,2019-01,Long-term migrant,Arrivals,TOTAL,NZ and Australian citizens,New Zealand,6,0,Provisional,28909
2017-10,2019-01,Long-term migrant,Arrivals,TOTAL,NZ and Australian citizens,Niue,5,0,Provisional,28910
2017-10,2019-01,Long-term migrant,Arrivals,TOTAL,NZ and Australian citizens,Not Stated,685,0,Provisional,28911
2017-10,2019-01,Long-term migrant,Arrivals,TOTAL,NZ and Australian citizens,Oceania and Antarctica,1859,0,Provisional,28912
2017-10,2019-01,Long-term migrant,Arrivals,TOTAL,NZ and Australian citizens,Pakistan,1,0,Provisional,28913
2017-10,2019-01,Long-term migrant,Arrivals,TOTAL,NZ and Australian citizens,Panama,3,0,Provisional,28914
2017-10,2019-01,Long-term migrant,Arrivals,TOTAL,NZ and Australian citizens,Peru,2,0,Provisional,28915
2017-10,2019-01,Long-term migrant,Arrivals,TOTAL,NZ and Australian citizens,Philippines,6,0,Provisional,28916
2017-10,2019-01,Long-term migrant,Arrivals,TOTAL,NZ and Australian citizens,Poland,1,0,Provisional,28917
2017-10,2019-01,Long-term migrant,Arrivals,TOTAL,NZ and Australian citizens,Qatar,16,0,Provisional,28918
2017-10,2019-01,Long-term migrant,Arrivals,TOTAL,NZ and Australian citizens,Romania,3,0,Provisional,28919
2017-10,2019-01,Long-term migrant,Arrivals,TOTAL,NZ and Australian citizens,Samoa,17,0,Provisional,28920
2017-10,2019-01,Long-term migrant,Arrivals,TOTAL,NZ and Australian citizens,Serbia,1,0,Provisional,28921
2017-10,2019-01,Long-term migrant,Arrivals,TOTAL,NZ and Australian citizens,Singapore,17,0,Provisional,28922
2017-10,2019-01,Long-term migrant,Arrivals,TOTAL,NZ and Australian citizens,Solomon Islands,1,0,Provisional,28923
2017-10,2019-01,Long-term migrant,Arrivals,TOTAL,NZ and Australian citizens,South Africa,7,0,Provisional,28924
2017-10,2019-01,Long-term migrant,Arrivals,TOTAL,NZ and Australian citizens,Spain,6,0,Provisional,28925
2017-10,2019-01,Long-term migrant,Arrivals,TOTAL,NZ and Australian citizens,Sri Lanka,2,0,Provisional,28926
2017-10,2019-01,Long-term migrant,Arrivals,TOTAL,NZ and Australian citizens,Sweden,6,0,Provisional,28927
2017-10,2019-01,Long-term migrant,Arrivals,TOTAL,NZ and Australian citizens,Switzerland,15,0,Provisional,28928
2017-10,2019-01,Long-term migrant,Arrivals,TOTAL,NZ and Australian citizens,Taiwan,7,0,Provisional,28929
2017-10,2019-01,Long-term migrant,Arrivals,TOTAL,NZ and Australian citizens,Thailand,14,0,Provisional,28930
2017-10,2019-01,Long-term migrant,Arrivals,TOTAL,NZ and Australian citizens,The Americas,237,0,Provisional,28931
2017-10,2019-01,Long-term migrant,Arrivals,TOTAL,NZ and Australian citizens,Timor-Leste,1,0,Provisional,28932
2017-10,2019-01,Long-term migrant,Arrivals,TOTAL,NZ and Australian citizens,Tokelau,1,0,Provisional,28933
2017-10,2019-01,Long-term migrant,Arrivals,TOTAL,NZ and Australian citizens,Tonga,10,0,Provisional,28934
2017-10,2019-01,Long-term migrant,Arrivals,TOTAL,NZ and Australian citizens,TOTAL,3726,0,Provisional,28935
2017-10,2019-01,Long-term migrant,Arrivals,TOTAL,NZ and Australian citizens,Turkey,7,0,Provisional,28936
2017-10,2019-01,Long-term migrant,Arrivals,TOTAL,NZ and Australian citizens,Ukraine,1,0,Provisional,28937
2017-10,2019-01,Long-term migrant,Arrivals,TOTAL,NZ and Australian citizens,United Arab Emirates,21,0,Provisional,28938
2017-10,2019-01,Long-term migrant,Arrivals,TOTAL,NZ and Australian citizens,United Kingdom,550,0,Provisional,28939
2017-10,2019-01,Long-term migrant,Arrivals,TOTAL,NZ and Australian citizens,United States of America,111,0,Provisional,28940
2017-10,2019-01,Long-term migrant,Arrivals,TOTAL,NZ and Australian citizens,Vanuatu,1,0,Provisional,28941
2017-10,2019-01,Long-term migrant,Arrivals,TOTAL,NZ and Australian citizens,Viet Nam,10,0,Provisional,28942
2017-10,2019-01,Long-term migrant,Arrivals,TOTAL,NZ and Australian citizens,Zambia,1,0,Provisional,28943
2017-10,2019-01,Long-term migrant,Arrivals,TOTAL,Other,Afghanistan,2,0,Provisional,28944
2017-10,2019-01,Long-term migrant,Arrivals,TOTAL,Other,Africa and the Middle East,2,0,Provisional,28945
2017-10,2019-01,Long-term migrant,Arrivals,TOTAL,Other,Asia,14,0,Provisional,28946
2017-10,2019-01,Long-term migrant,Arrivals,TOTAL,Other,Australia,1,0,Provisional,28947
2017-10,2019-01,Long-term migrant,Arrivals,TOTAL,Other,Brazil,1,0,Provisional,28948
2017-10,2019-01,Long-term migrant,Arrivals,TOTAL,Other,Canada,2,0,Provisional,28949
2017-10,2019-01,Long-term migrant,Arrivals,TOTAL,Other,China,6,0,Provisional,28950
2017-10,2019-01,Long-term migrant,Arrivals,TOTAL,Other,Colombia,2,0,Provisional,28951
2017-10,2019-01,Long-term migrant,Arrivals,TOTAL,Other,Europe,11,0,Provisional,28952
2017-10,2019-01,Long-term migrant,Arrivals,TOTAL,Other,Fiji,30,0,Provisional,28953
2017-10,2019-01,Long-term migrant,Arrivals,TOTAL,Other,India,1,0,Provisional,28954
2017-10,2019-01,Long-term migrant,Arrivals,TOTAL,Other,Kiribati,3,0,Provisional,28955
2017-10,2019-01,Long-term migrant,Arrivals,TOTAL,Other,Not Stated,7,0,Provisional,28956
2017-10,2019-01,Long-term migrant,Arrivals,TOTAL,Other,Oceania and Antarctica,65,0,Provisional,28957
2017-10,2019-01,Long-term migrant,Arrivals,TOTAL,Other,Philippines,4,0,Provisional,28958
2017-10,2019-01,Long-term migrant,Arrivals,TOTAL,Other,Russia,4,0,Provisional,28959
2017-10,2019-01,Long-term migrant,Arrivals,TOTAL,Other,Samoa,1,0,Provisional,28960
2017-10,2019-01,Long-term migrant,Arrivals,TOTAL,Other,Saudi Arabia,1,0,Provisional,28961
2017-10,2019-01,Long-term migrant,Arrivals,TOTAL,Other,South Africa,1,0,Provisional,28962
2017-10,2019-01,Long-term migrant,Arrivals,TOTAL,Other,Sweden,1,0,Provisional,28963
2017-10,2019-01,Long-term migrant,Arrivals,TOTAL,Other,The Americas,11,0,Provisional,28964
2017-10,2019-01,Long-term migrant,Arrivals,TOTAL,Other,Tonga,30,0,Provisional,28965
2017-10,2019-01,Long-term migrant,Arrivals,TOTAL,Other,TOTAL,110,0,Provisional,28966
2017-10,2019-01,Long-term migrant,Arrivals,TOTAL,Other,United Kingdom,6,0,Provisional,28967
2017-10,2019-01,Long-term migrant,Arrivals,TOTAL,Other,United States of America,6,0,Provisional,28968
2017-10,2019-01,Long-term migrant,Arrivals,TOTAL,Other,Viet Nam,1,0,Provisional,28969
2017-10,2019-01,Long-term migrant,Arrivals,TOTAL,Resident,Afghanistan,9,0,Provisional,28970
2017-10,2019-01,Long-term migrant,Arrivals,TOTAL,Resident,Africa and the Middle East,161,0,Provisional,28971
2017-10,2019-01,Long-term migrant,Arrivals,TOTAL,Resident,Asia,456.882,0.284081096,Provisional,28972
2017-10,2019-01,Long-term migrant,Arrivals,TOTAL,Resident,Australia,48,0,Provisional,28973
2017-10,2019-01,Long-term migrant,Arrivals,TOTAL,Resident,Austria,6,0,Provisional,28974
2017-10,2019-01,Long-term migrant,Arrivals,TOTAL,Resident,Bangladesh,1,0,Provisional,28975
2017-10,2019-01,Long-term migrant,Arrivals,TOTAL,Resident,Belarus,2,0,Provisional,28976
2017-10,2019-01,Long-term migrant,Arrivals,TOTAL,Resident,Belgium,10,0,Provisional,28977
2017-10,2019-01,Long-term migrant,Arrivals,TOTAL,Resident,Bermuda,1,0,Provisional,28978
2017-10,2019-01,Long-term migrant,Arrivals,TOTAL,Resident,Brazil,2,0,Provisional,28979
2017-10,2019-01,Long-term migrant,Arrivals,TOTAL,Resident,Brunei Darussalam,2,0,Provisional,28980
2017-10,2019-01,Long-term migrant,Arrivals,TOTAL,Resident,Canada,17,0,Provisional,28981
2017-10,2019-01,Long-term migrant,Arrivals,TOTAL,Resident,Cayman Islands,1,0,Provisional,28982
2017-10,2019-01,Long-term migrant,Arrivals,TOTAL,Resident,China,159.882,0.284081096,Provisional,28983
2017-10,2019-01,Long-term migrant,Arrivals,TOTAL,Resident,Colombia,8,0,Provisional,28984
2017-10,2019-01,Long-term migrant,Arrivals,TOTAL,Resident,Croatia,2,0,Provisional,28985
2017-10,2019-01,Long-term migrant,Arrivals,TOTAL,Resident,Denmark,2,0,Provisional,28986
2017-10,2019-01,Long-term migrant,Arrivals,TOTAL,Resident,Ecuador,25,0,Provisional,28987
2017-10,2019-01,Long-term migrant,Arrivals,TOTAL,Resident,Egypt,6,0,Provisional,28988
2017-10,2019-01,Long-term migrant,Arrivals,TOTAL,Resident,Ethiopia,5,0,Provisional,28989
2017-10,2019-01,Long-term migrant,Arrivals,TOTAL,Resident,Europe,171,0,Provisional,28990
2017-10,2019-01,Long-term migrant,Arrivals,TOTAL,Resident,Fiji,23,0,Provisional,28991
2017-10,2019-01,Long-term migrant,Arrivals,TOTAL,Resident,France,6,0,Provisional,28992
2017-10,2019-01,Long-term migrant,Arrivals,TOTAL,Resident,Germany,5,0,Provisional,28993
2017-10,2019-01,Long-term migrant,Arrivals,TOTAL,Resident,Hong Kong (Special Administrative Region),6,0,Provisional,28994
2017-10,2019-01,Long-term migrant,Arrivals,TOTAL,Resident,India,59,0,Provisional,28995
2017-10,2019-01,Long-term migrant,Arrivals,TOTAL,Resident,Indonesia,12,0,Provisional,28996
2017-10,2019-01,Long-term migrant,Arrivals,TOTAL,Resident,Iran,6,0,Provisional,28997
2017-10,2019-01,Long-term migrant,Arrivals,TOTAL,Resident,Ireland,9,0,Provisional,28998
2017-10,2019-01,Long-term migrant,Arrivals,TOTAL,Resident,Japan,4,0,Provisional,28999
2017-10,2019-01,Long-term migrant,Arrivals,TOTAL,Resident,Jordan,1,0,Provisional,29000
2017-10,2019-01,Long-term migrant,Arrivals,TOTAL,Resident,Kenya,11,0,Provisional,29001
2017-10,2019-01,Long-term migrant,Arrivals,TOTAL,Resident,Kiribati,3,0,Provisional,29002
2017-10,2019-01,Long-term migrant,Arrivals,TOTAL,Resident,Republic of Korea,10,0,Provisional,29003
2017-10,2019-01,Long-term migrant,Arrivals,TOTAL,Resident,Kuwait,8,0,Provisional,29004
2017-10,2019-01,Long-term migrant,Arrivals,TOTAL,Resident,Lebanon,36,0,Provisional,29005
2017-10,2019-01,Long-term migrant,Arrivals,TOTAL,Resident,Lithuania,1,0,Provisional,29006
2017-10,2019-01,Long-term migrant,Arrivals,TOTAL,Resident,Malaysia,26,0,Provisional,29007
2017-10,2019-01,Long-term migrant,Arrivals,TOTAL,Resident,Mexico,2,0,Provisional,29008
2017-10,2019-01,Long-term migrant,Arrivals,TOTAL,Resident,Myanmar,3,0,Provisional,29009
2017-10,2019-01,Long-term migrant,Arrivals,TOTAL,Resident,Nepal,10,0,Provisional,29010
2017-10,2019-01,Long-term migrant,Arrivals,TOTAL,Resident,Netherlands,6,0,Provisional,29011
2017-10,2019-01,Long-term migrant,Arrivals,TOTAL,Resident,Nigeria,1,0,Provisional,29012
2017-10,2019-01,Long-term migrant,Arrivals,TOTAL,Resident,Norway,1,0,Provisional,29013
2017-10,2019-01,Long-term migrant,Arrivals,TOTAL,Resident,Not Stated,200,0,Provisional,29014
2017-10,2019-01,Long-term migrant,Arrivals,TOTAL,Resident,Oceania and Antarctica,201,0,Provisional,29015
2017-10,2019-01,Long-term migrant,Arrivals,TOTAL,Resident,Oman,4,0,Provisional,29016
2017-10,2019-01,Long-term migrant,Arrivals,TOTAL,Resident,Pakistan,32,0,Provisional,29017
2017-10,2019-01,Long-term migrant,Arrivals,TOTAL,Resident,Philippines,45,0,Provisional,29018
2017-10,2019-01,Long-term migrant,Arrivals,TOTAL,Resident,Qatar,10,0,Provisional,29019
2017-10,2019-01,Long-term migrant,Arrivals,TOTAL,Resident,Romania,2,0,Provisional,29020
2017-10,2019-01,Long-term migrant,Arrivals,TOTAL,Resident,Russia,16,0,Provisional,29021
2017-10,2019-01,Long-term migrant,Arrivals,TOTAL,Resident,Samoa,112,0,Provisional,29022
2017-10,2019-01,Long-term migrant,Arrivals,TOTAL,Resident,Saudi Arabia,8,0,Provisional,29023
2017-10,2019-01,Long-term migrant,Arrivals,TOTAL,Resident,Serbia,1,0,Provisional,29024
2017-10,2019-01,Long-term migrant,Arrivals,TOTAL,Resident,Singapore,10,0,Provisional,29025
2017-10,2019-01,Long-term migrant,Arrivals,TOTAL,Resident,South Africa,39,0,Provisional,29026
2017-10,2019-01,Long-term migrant,Arrivals,TOTAL,Resident,Sri Lanka,16,0,Provisional,29027
2017-10,2019-01,Long-term migrant,Arrivals,TOTAL,Resident,Sweden,4,0,Provisional,29028
2017-10,2019-01,Long-term migrant,Arrivals,TOTAL,Resident,Taiwan,4,0,Provisional,29029
2017-10,2019-01,Long-term migrant,Arrivals,TOTAL,Resident,Thailand,37,0,Provisional,29030
2017-10,2019-01,Long-term migrant,Arrivals,TOTAL,Resident,The Americas,83,0,Provisional,29031
2017-10,2019-01,Long-term migrant,Arrivals,TOTAL,Resident,Tonga,13,0,Provisional,29032
2017-10,2019-01,Long-term migrant,Arrivals,TOTAL,Resident,TOTAL,1272.882,0.284081096,Provisional,29033
2017-10,2019-01,Long-term migrant,Arrivals,TOTAL,Resident,Turkey,3,0,Provisional,29034
2017-10,2019-01,Long-term migrant,Arrivals,TOTAL,Resident,Tuvalu,1,0,Provisional,29035
2017-10,2019-01,Long-term migrant,Arrivals,TOTAL,Resident,United Arab Emirates,22,0,Provisional,29036
2017-10,2019-01,Long-term migrant,Arrivals,TOTAL,Resident,United Kingdom,98,0,Provisional,29037
2017-10,2019-01,Long-term migrant,Arrivals,TOTAL,Resident,United States of America,27,0,Provisional,29038
2017-10,2019-01,Long-term migrant,Arrivals,TOTAL,Resident,Vanuatu,1,0,Provisional,29039
2017-10,2019-01,Long-term migrant,Arrivals,TOTAL,Resident,Viet Nam,11,0,Provisional,29040
2017-10,2019-01,Long-term migrant,Arrivals,TOTAL,Resident,Zimbabwe,1,0,Provisional,29041
2017-10,2019-01,Long-term migrant,Arrivals,TOTAL,Student,Africa and the Middle East,180,0,Provisional,29042
2017-10,2019-01,Long-term migrant,Arrivals,TOTAL,Student,Argentina,5,0,Provisional,29043
2017-10,2019-01,Long-term migrant,Arrivals,TOTAL,Student,Asia,1160,0,Provisional,29044
2017-10,2019-01,Long-term migrant,Arrivals,TOTAL,Student,Australia,4,0,Provisional,29045
2017-10,2019-01,Long-term migrant,Arrivals,TOTAL,Student,Bahrain,1,0,Provisional,29046
2017-10,2019-01,Long-term migrant,Arrivals,TOTAL,Student,Bangladesh,2,0,Provisional,29047
2017-10,2019-01,Long-term migrant,Arrivals,TOTAL,Student,Belarus,1,0,Provisional,29048
2017-10,2019-01,Long-term migrant,Arrivals,TOTAL,Student,Bermuda,1,0,Provisional,29049
2017-10,2019-01,Long-term migrant,Arrivals,TOTAL,Student,Bosnia and Herzegovina,2,0,Provisional,29050
2017-10,2019-01,Long-term migrant,Arrivals,TOTAL,Student,Brazil,41.052,0.145706945,Provisional,29051
2017-10,2019-01,Long-term migrant,Arrivals,TOTAL,Student,Brunei Darussalam,2,0,Provisional,29052
2017-10,2019-01,Long-term migrant,Arrivals,TOTAL,Student,Cambodia,4,0,Provisional,29053
2017-10,2019-01,Long-term migrant,Arrivals,TOTAL,Student,Canada,3,0,Provisional,29054
2017-10,2019-01,Long-term migrant,Arrivals,TOTAL,Student,Chile,1,0,Provisional,29055
2017-10,2019-01,Long-term migrant,Arrivals,TOTAL,Student,China,322,0,Provisional,29056
2017-10,2019-01,Long-term migrant,Arrivals,TOTAL,Student,Colombia,31,0,Provisional,29057
2017-10,2019-01,Long-term migrant,Arrivals,TOTAL,Student,Egypt,4,0,Provisional,29058
2017-10,2019-01,Long-term migrant,Arrivals,TOTAL,Student,Europe,86,0,Provisional,29059
2017-10,2019-01,Long-term migrant,Arrivals,TOTAL,Student,Fiji,24,0,Provisional,29060
2017-10,2019-01,Long-term migrant,Arrivals,TOTAL,Student,France,4,0,Provisional,29061
2017-10,2019-01,Long-term migrant,Arrivals,TOTAL,Student,French Polynesia,3,0,Provisional,29062
2017-10,2019-01,Long-term migrant,Arrivals,TOTAL,Student,Germany,3,0,Provisional,29063
2017-10,2019-01,Long-term migrant,Arrivals,TOTAL,Student,Hong Kong (Special Administrative Region),19,0,Provisional,29064
2017-10,2019-01,Long-term migrant,Arrivals,TOTAL,Student,India,456,0,Provisional,29065
2017-10,2019-01,Long-term migrant,Arrivals,TOTAL,Student,Indonesia,20,0,Provisional,29066
2017-10,2019-01,Long-term migrant,Arrivals,TOTAL,Student,Iran,8,0,Provisional,29067
2017-10,2019-01,Long-term migrant,Arrivals,TOTAL,Student,Ireland,1,0,Provisional,29068
2017-10,2019-01,Long-term migrant,Arrivals,TOTAL,Student,Israel,1,0,Provisional,29069
2017-10,2019-01,Long-term migrant,Arrivals,TOTAL,Student,Japan,14,0,Provisional,29070
2017-10,2019-01,Long-term migrant,Arrivals,TOTAL,Student,Jordan,2,0,Provisional,29071
2017-10,2019-01,Long-term migrant,Arrivals,TOTAL,Student,Kazakhstan,4,0,Provisional,29072
2017-10,2019-01,Long-term migrant,Arrivals,TOTAL,Student,Republic of Korea,30,0,Provisional,29073
2017-10,2019-01,Long-term migrant,Arrivals,TOTAL,Student,Kuwait,5,0,Provisional,29074
2017-10,2019-01,Long-term migrant,Arrivals,TOTAL,Student,Laos,4,0,Provisional,29075
2017-10,2019-01,Long-term migrant,Arrivals,TOTAL,Student,Macau (Special Administrative Region),2,0,Provisional,29076
2017-10,2019-01,Long-term migrant,Arrivals,TOTAL,Student,Madagascar,1,0,Provisional,29077
2017-10,2019-01,Long-term migrant,Arrivals,TOTAL,Student,Malaysia,9,0,Provisional,29078
2017-10,2019-01,Long-term migrant,Arrivals,TOTAL,Student,Mexico,3,0,Provisional,29079
2017-10,2019-01,Long-term migrant,Arrivals,TOTAL,Student,Mongolia,1,0,Provisional,29080
2017-10,2019-01,Long-term migrant,Arrivals,TOTAL,Student,Namibia,1,0,Provisional,29081
2017-10,2019-01,Long-term migrant,Arrivals,TOTAL,Student,Nepal,23,0,Provisional,29082
2017-10,2019-01,Long-term migrant,Arrivals,TOTAL,Student,Netherlands,4,0,Provisional,29083
2017-10,2019-01,Long-term migrant,Arrivals,TOTAL,Student,New Caledonia,4,0,Provisional,29084
2017-10,2019-01,Long-term migrant,Arrivals,TOTAL,Student,Nigeria,1,0,Provisional,29085
2017-10,2019-01,Long-term migrant,Arrivals,TOTAL,Student,Norway,1,0,Provisional,29086
2017-10,2019-01,Long-term migrant,Arrivals,TOTAL,Student,Not Stated,51,0,Provisional,29087
2017-10,2019-01,Long-term migrant,Arrivals,TOTAL,Student,Oceania and Antarctica,43,0,Provisional,29088
2017-10,2019-01,Long-term migrant,Arrivals,TOTAL,Student,Pakistan,9,0,Provisional,29089
2017-10,2019-01,Long-term migrant,Arrivals,TOTAL,Student,Papua New Guinea,1,0,Provisional,29090
2017-10,2019-01,Long-term migrant,Arrivals,TOTAL,Student,Peru,2,0,Provisional,29091
2017-10,2019-01,Long-term migrant,Arrivals,TOTAL,Student,Philippines,135,0,Provisional,29092
2017-10,2019-01,Long-term migrant,Arrivals,TOTAL,Student,Qatar,2,0,Provisional,29093
2017-10,2019-01,Long-term migrant,Arrivals,TOTAL,Student,Russia,23,0,Provisional,29094
2017-10,2019-01,Long-term migrant,Arrivals,TOTAL,Student,Samoa,2,0,Provisional,29095
2017-10,2019-01,Long-term migrant,Arrivals,TOTAL,Student,Saudi Arabia,32,0,Provisional,29096
2017-10,2019-01,Long-term migrant,Arrivals,TOTAL,Student,Serbia,2,0,Provisional,29097
2017-10,2019-01,Long-term migrant,Arrivals,TOTAL,Student,Seychelles,3,0,Provisional,29098
2017-10,2019-01,Long-term migrant,Arrivals,TOTAL,Student,Singapore,4,0,Provisional,29099
2017-10,2019-01,Long-term migrant,Arrivals,TOTAL,Student,South Africa,109,0,Provisional,29100
2017-10,2019-01,Long-term migrant,Arrivals,TOTAL,Student,Spain,2,0,Provisional,29101
2017-10,2019-01,Long-term migrant,Arrivals,TOTAL,Student,Sri Lanka,39,0,Provisional,29102
2017-10,2019-01,Long-term migrant,Arrivals,TOTAL,Student,Suriname,1,0,Provisional,29103
2017-10,2019-01,Long-term migrant,Arrivals,TOTAL,Student,Swaziland / Eswatini,1,0,Provisional,29104
2017-10,2019-01,Long-term migrant,Arrivals,TOTAL,Student,Sweden,4,0,Provisional,29105
2017-10,2019-01,Long-term migrant,Arrivals,TOTAL,Student,Switzerland,1,0,Provisional,29106
2017-10,2019-01,Long-term migrant,Arrivals,TOTAL,Student,Taiwan,2,0,Provisional,29107
2017-10,2019-01,Long-term migrant,Arrivals,TOTAL,Student,Tanzania,1,0,Provisional,29108
2017-10,2019-01,Long-term migrant,Arrivals,TOTAL,Student,Thailand,25,0,Provisional,29109
2017-10,2019-01,Long-term migrant,Arrivals,TOTAL,Student,The Americas,101.052,0.145706945,Provisional,29110
2017-10,2019-01,Long-term migrant,Arrivals,TOTAL,Student,Tonga,4,0,Provisional,29111
2017-10,2019-01,Long-term migrant,Arrivals,TOTAL,Student,TOTAL,1621.052,0.145706945,Provisional,29112
2017-10,2019-01,Long-term migrant,Arrivals,TOTAL,Student,Ukraine,3,0,Provisional,29113
2017-10,2019-01,Long-term migrant,Arrivals,TOTAL,Student,United Arab Emirates,7,0,Provisional,29114
2017-10,2019-01,Long-term migrant,Arrivals,TOTAL,Student,United Kingdom,35,0,Provisional,29115
2017-10,2019-01,Long-term migrant,Arrivals,TOTAL,Student,United States of America,13,0,Provisional,29116
2017-10,2019-01,Long-term migrant,Arrivals,TOTAL,Student,Vanuatu,1,0,Provisional,29117
2017-10,2019-01,Long-term migrant,Arrivals,TOTAL,Student,Viet Nam,34,0,Provisional,29118
2017-10,2019-01,Long-term migrant,Arrivals,TOTAL,Student,Zambia,1,0,Provisional,29119
2017-11,2019-01,Long-term migrant,Arrivals,TOTAL,TOTAL,Indonesia,47.19,0.518060254,Provisional,29120
2017-11,2019-01,Long-term migrant,Arrivals,TOTAL,TOTAL,Iran,16,0,Provisional,29121
2017-11,2019-01,Long-term migrant,Arrivals,TOTAL,TOTAL,Iraq,10,0,Provisional,29122
2017-11,2019-01,Long-term migrant,Arrivals,TOTAL,TOTAL,Ireland,71.05,0.850429967,Provisional,29123
2017-11,2019-01,Long-term migrant,Arrivals,TOTAL,TOTAL,Israel,11,0,Provisional,29124
2017-11,2019-01,Long-term migrant,Arrivals,TOTAL,TOTAL,Italy,69.772,0.631188932,Provisional,29125
2017-11,2019-01,Long-term migrant,Arrivals,TOTAL,TOTAL,Jamaica,1,0,Provisional,29126
2017-11,2019-01,Long-term migrant,Arrivals,TOTAL,TOTAL,Japan,77.55,1.313463223,Provisional,29127
2017-11,2019-01,Long-term migrant,Arrivals,TOTAL,TOTAL,Jordan,12,0,Provisional,29128
2017-11,2019-01,Long-term migrant,Arrivals,TOTAL,TOTAL,Kazakhstan,10,0,Provisional,29129
2017-11,2019-01,Long-term migrant,Arrivals,TOTAL,TOTAL,Kenya,7,0,Provisional,29130
2017-11,2019-01,Long-term migrant,Arrivals,TOTAL,TOTAL,Kiribati,15,0,Provisional,29131
2017-11,2019-01,Long-term migrant,Arrivals,TOTAL,TOTAL,Republic of Korea,179,1.542284673,Provisional,29132
2017-11,2019-01,Long-term migrant,Arrivals,TOTAL,TOTAL,Kuwait,12,0,Provisional,29133
2017-11,2019-01,Long-term migrant,Arrivals,TOTAL,TOTAL,Kyrgyzstan,1,0,Provisional,29134
2017-11,2019-01,Long-term migrant,Arrivals,TOTAL,TOTAL,Laos,2,0,Provisional,29135
2017-11,2019-01,Long-term migrant,Arrivals,TOTAL,TOTAL,Latvia,8.186,0.201165765,Provisional,29136
2017-11,2019-01,Long-term migrant,Arrivals,TOTAL,TOTAL,Lebanon,1,0,Provisional,29137
2017-11,2019-01,Long-term migrant,Arrivals,TOTAL,TOTAL,Liberia,1,0,Provisional,29138
2017-11,2019-01,Long-term migrant,Arrivals,TOTAL,TOTAL,Lithuania,17.094,0.458618043,Provisional,29139
2017-11,2019-01,Long-term migrant,Arrivals,TOTAL,TOTAL,Luxembourg,3,0,Provisional,29140
2017-11,2019-01,Long-term migrant,Arrivals,TOTAL,TOTAL,Macau (Special Administrative Region),3.094,0.227890895,Provisional,29141
2017-11,2019-01,Long-term migrant,Arrivals,TOTAL,TOTAL,Malaysia,115.62,1.071252182,Provisional,29142
2017-11,2019-01,Long-term migrant,Arrivals,TOTAL,TOTAL,Maldives,2,0,Provisional,29143
2017-11,2019-01,Long-term migrant,Arrivals,TOTAL,TOTAL,Malta,6,0,Provisional,29144
2017-11,2019-01,Long-term migrant,Arrivals,TOTAL,TOTAL,Marshall Islands,1,0,Provisional,29145
2017-11,2019-01,Long-term migrant,Arrivals,TOTAL,TOTAL,Mauritius,12,0,Provisional,29146
2017-11,2019-01,Long-term migrant,Arrivals,TOTAL,TOTAL,Mexico,14.924,0.525732421,Provisional,29147
2017-11,2019-01,Long-term migrant,Arrivals,TOTAL,TOTAL,Mongolia,3,0,Provisional,29148
2017-11,2019-01,Long-term migrant,Arrivals,TOTAL,TOTAL,Morocco,1,0,Provisional,29149
2017-11,2019-01,Long-term migrant,Arrivals,TOTAL,TOTAL,Myanmar,1.938,0.182903657,Provisional,29150
2017-11,2019-01,Long-term migrant,Arrivals,TOTAL,TOTAL,Namibia,5,0,Provisional,29151
2017-11,2019-01,Long-term migrant,Arrivals,TOTAL,TOTAL,Nauru,1,0,Provisional,29152
2017-11,2019-01,Long-term migrant,Arrivals,TOTAL,TOTAL,Nepal,81,0,Provisional,29153
2017-11,2019-01,Long-term migrant,Arrivals,TOTAL,TOTAL,Netherlands,58.144,0.5522755,Provisional,29154
2017-11,2019-01,Long-term migrant,Arrivals,TOTAL,TOTAL,New Caledonia,10.492,0.502680103,Provisional,29155
2017-11,2019-01,Long-term migrant,Arrivals,TOTAL,TOTAL,New Zealand,20.524,0.571296824,Provisional,29156
2017-11,2019-01,Long-term migrant,Arrivals,TOTAL,TOTAL,Nicaragua,1,0,Provisional,29157
2017-11,2019-01,Long-term migrant,Arrivals,TOTAL,TOTAL,Nigeria,9,0,Provisional,29158
2017-11,2019-01,Long-term migrant,Arrivals,TOTAL,TOTAL,Niue,2,0,Provisional,29159
2017-11,2019-01,Long-term migrant,Arrivals,TOTAL,TOTAL,Norfolk Island,5,0,Provisional,29160
2017-11,2019-01,Long-term migrant,Arrivals,TOTAL,TOTAL,Norway,7.046,0.077649135,Provisional,29161
2017-11,2019-01,Long-term migrant,Arrivals,TOTAL,TOTAL,Not Stated,1106.976,4.688052949,Provisional,29162
2017-11,2019-01,Long-term migrant,Arrivals,TOTAL,TOTAL,Oceania and Antarctica,2951.7,8.419391961,Provisional,29163
2017-11,2019-01,Long-term migrant,Arrivals,TOTAL,TOTAL,Oman,4,0,Provisional,29164
2017-11,2019-01,Long-term migrant,Arrivals,TOTAL,TOTAL,Pakistan,33.796,0.406011196,Provisional,29165
2017-11,2019-01,Long-term migrant,Arrivals,TOTAL,TOTAL,Papua New Guinea,7.616,0.425390141,Provisional,29166
2017-11,2019-01,Long-term migrant,Arrivals,TOTAL,TOTAL,Peru,17,0,Provisional,29167
2017-11,2019-01,Long-term migrant,Arrivals,TOTAL,TOTAL,Philippines,585.098,0.854396981,Provisional,29168
2017-11,2019-01,Long-term migrant,Arrivals,TOTAL,TOTAL,Poland,11,0,Provisional,29169
2017-11,2019-01,Long-term migrant,Arrivals,TOTAL,TOTAL,Portugal,6,0,Provisional,29170
2017-11,2019-01,Long-term migrant,Arrivals,TOTAL,TOTAL,Qatar,27.816,0.35075939,Provisional,29171
2017-11,2019-01,Long-term migrant,Arrivals,TOTAL,TOTAL,Romania,2,0,Provisional,29172
2017-11,2019-01,Long-term migrant,Arrivals,TOTAL,TOTAL,Russia,52.064,0.578896934,Provisional,29173
2017-11,2019-01,Long-term migrant,Arrivals,TOTAL,TOTAL,Rwanda,1,0,Provisional,29174
2017-11,2019-01,Long-term migrant,Arrivals,TOTAL,TOTAL,Samoa,304.728,1.274244999,Provisional,29175
2017-11,2019-01,Long-term migrant,Arrivals,TOTAL,TOTAL,Samoa,3,0,Provisional,29176
2017-11,2019-01,Long-term migrant,Arrivals,TOTAL,TOTAL,Saudi Arabia,50.142,0.275114232,Provisional,29177
2017-11,2019-01,Long-term migrant,Arrivals,TOTAL,TOTAL,Senegal,1,0,Provisional,29178
2017-11,2019-01,Long-term migrant,Arrivals,TOTAL,TOTAL,Serbia,8,0,Provisional,29179
2017-11,2019-01,Long-term migrant,Arrivals,TOTAL,TOTAL,Singapore,174.548,1.090376949,Provisional,29180
2017-11,2019-01,Long-term migrant,Arrivals,TOTAL,TOTAL,Slovakia,6,0,Provisional,29181
2017-11,2019-01,Long-term migrant,Arrivals,TOTAL,TOTAL,Slovenia,4.1,0.150348609,Provisional,29182
2017-11,2019-01,Long-term migrant,Arrivals,TOTAL,TOTAL,Solomon Islands,9.834,0.302589849,Provisional,29183
2017-11,2019-01,Long-term migrant,Arrivals,TOTAL,TOTAL,Somalia,1,0,Provisional,29184
2017-11,2019-01,Long-term migrant,Arrivals,TOTAL,TOTAL,South Africa,401.668,1.10815901,Provisional,29185
2017-11,2019-01,Long-term migrant,Arrivals,TOTAL,TOTAL,Spain,47.174,0.213421644,Provisional,29186
2017-11,2019-01,Long-term migrant,Arrivals,TOTAL,TOTAL,Sri Lanka,122.298,0.465300044,Provisional,29187
2017-11,2019-01,Long-term migrant,Arrivals,TOTAL,TOTAL,Sweden,26.164,0.541881082,Provisional,29188
2017-11,2019-01,Long-term migrant,Arrivals,TOTAL,TOTAL,Switzerland,43.452,0.79643594,Provisional,29189
2017-11,2019-01,Long-term migrant,Arrivals,TOTAL,TOTAL,Syria,1,0,Provisional,29190
2017-11,2019-01,Long-term migrant,Arrivals,TOTAL,TOTAL,Taiwan,49.26,0.65259238,Provisional,29191
2017-11,2019-01,Long-term migrant,Arrivals,TOTAL,TOTAL,Tanzania,4,0,Provisional,29192
2017-11,2019-01,Long-term migrant,Arrivals,TOTAL,TOTAL,Thailand,65.312,0.587661084,Provisional,29193
2017-11,2019-01,Long-term migrant,Arrivals,TOTAL,TOTAL,The Americas,1018.114,3.152750405,Provisional,29194
2017-11,2019-01,Long-term migrant,Arrivals,TOTAL,TOTAL,Timor-Leste,1,0,Provisional,29195
2017-11,2019-01,Long-term migrant,Arrivals,TOTAL,TOTAL,Tokelau,3,0,Provisional,29196
2017-11,2019-01,Long-term migrant,Arrivals,TOTAL,TOTAL,Tonga,132.402,0.810362226,Provisional,29197
2017-11,2019-01,Long-term migrant,Arrivals,TOTAL,TOTAL,TOTAL,12030.946,22.34801526,Provisional,29198
2017-11,2019-01,Long-term migrant,Arrivals,TOTAL,TOTAL,Trinidad and Tobago,1.158,0.291783927,Provisional,29199
2017-11,2019-01,Long-term migrant,Arrivals,TOTAL,TOTAL,Turkey,7,0,Provisional,29200
2017-11,2019-01,Long-term migrant,Arrivals,TOTAL,TOTAL,Tuvalu,15.386,0.695474268,Provisional,29201
2017-11,2019-01,Long-term migrant,Arrivals,TOTAL,TOTAL,Ukraine,8,0,Provisional,29202
2017-11,2019-01,Long-term migrant,Arrivals,TOTAL,TOTAL,United Arab Emirates,92.912,0.240732645,Provisional,29203
2017-11,2019-01,Long-term migrant,Arrivals,TOTAL,TOTAL,United Kingdom,1392.99,2.766501082,Provisional,29204
2017-11,2019-01,Long-term migrant,Arrivals,TOTAL,TOTAL,United States of America,395.644,1.68211565,Provisional,29205
2017-11,2019-01,Long-term migrant,Arrivals,TOTAL,TOTAL,Uruguay,17.176,0.335936066,Provisional,29206
2017-11,2019-01,Long-term migrant,Arrivals,TOTAL,TOTAL,Uzbekistan,1,0,Provisional,29207
2017-11,2019-01,Long-term migrant,Arrivals,TOTAL,TOTAL,Vanuatu,14.658,0.472721267,Provisional,29208
2017-11,2019-01,Long-term migrant,Arrivals,TOTAL,TOTAL,Viet Nam,83.346,0.448892394,Provisional,29209
2017-11,2019-01,Long-term migrant,Arrivals,TOTAL,TOTAL,Zambia,3,0,Provisional,29210
2017-11,2019-01,Long-term migrant,Arrivals,TOTAL,TOTAL,Zimbabwe,11.11,0.562879436,Provisional,29211
2017-12,2019-01,Long-term migrant,Arrivals,TOTAL,TOTAL,Afghanistan,18.086,0.209727581,Provisional,29212
2017-12,2019-01,Long-term migrant,Arrivals,TOTAL,TOTAL,Africa and the Middle East,997.082,3.372332129,Provisional,29213
2017-12,2019-01,Long-term migrant,Arrivals,TOTAL,TOTAL,Albania,1,0,Provisional,29214
2017-12,2019-01,Long-term migrant,Arrivals,TOTAL,TOTAL,Algeria,1,0,Provisional,29215
2017-12,2019-01,Long-term migrant,Arrivals,TOTAL,TOTAL,Angola,1,0,Provisional,29216
2017-12,2019-01,Long-term migrant,Arrivals,TOTAL,TOTAL,Argentina,70.01,1.114962083,Provisional,29217
2017-12,2019-01,Long-term migrant,Arrivals,TOTAL,TOTAL,Asia,3185.18,11.18679092,Provisional,29218
2017-12,2019-01,Long-term migrant,Arrivals,TOTAL,TOTAL,Australia,3613.902,19.85241571,Provisional,29219
2017-12,2019-01,Long-term migrant,Arrivals,TOTAL,TOTAL,Austria,11,0.419358682,Provisional,29220
2017-12,2019-01,Long-term migrant,Arrivals,TOTAL,TOTAL,Bahrain,1,0,Provisional,29221
2017-12,2019-01,Long-term migrant,Arrivals,TOTAL,TOTAL,Bangladesh,10.824,0.3440028,Provisional,29222
2017-12,2019-01,Long-term migrant,Arrivals,TOTAL,TOTAL,Barbados,1,0,Provisional,29223
2017-12,2019-01,Long-term migrant,Arrivals,TOTAL,TOTAL,Belarus,1,0,Provisional,29224
2017-12,2019-01,Long-term migrant,Arrivals,TOTAL,TOTAL,Belgium,7.26,0.471643981,Provisional,29225
2017-12,2019-01,Long-term migrant,Arrivals,TOTAL,TOTAL,Botswana,2.066,0.214861154,Provisional,29226
2017-12,2019-01,Long-term migrant,Arrivals,TOTAL,TOTAL,Brazil,157.386,0.880693971,Provisional,29227
2017-12,2019-01,Long-term migrant,Arrivals,TOTAL,TOTAL,Brunei Darussalam,13,0,Provisional,29228
2017-12,2019-01,Long-term migrant,Arrivals,TOTAL,TOTAL,Bulgaria,9,0,Provisional,29229
2017-12,2019-01,Long-term migrant,Arrivals,TOTAL,TOTAL,Cambodia,29.1,0.262821343,Provisional,29230
2017-12,2019-01,Long-term migrant,Arrivals,TOTAL,TOTAL,Canada,241.514,1.77866342,Provisional,29231
2017-12,2019-01,Long-term migrant,Arrivals,TOTAL,TOTAL,Cayman Islands,1.9,0.27694693,Provisional,29232
2017-12,2019-01,Long-term migrant,Arrivals,TOTAL,TOTAL,Chile,62.098,1.116426207,Provisional,29233
2017-12,2019-01,Long-term migrant,Arrivals,TOTAL,TOTAL,China,757.628,6.449748138,Provisional,29234
2017-12,2019-01,Long-term migrant,Arrivals,TOTAL,TOTAL,Colombia,25.328,0.514369318,Provisional,29235
2017-12,2019-01,Long-term migrant,Arrivals,TOTAL,TOTAL,Cook Islands,64.004,1.613805248,Provisional,29236
2017-12,2019-01,Long-term migrant,Arrivals,TOTAL,TOTAL,Croatia,12.94,0.215011772,Provisional,29237
2017-12,2019-01,Long-term migrant,Arrivals,TOTAL,TOTAL,Cuba,2,0,Provisional,29238
2017-12,2019-01,Long-term migrant,Arrivals,TOTAL,TOTAL,Czech Republic / Czechia,38.052,0.914439529,Provisional,29239
2017-12,2019-01,Long-term migrant,Arrivals,TOTAL,TOTAL,Denmark,17.926,0.995365256,Provisional,29240
2017-12,2019-01,Long-term migrant,Arrivals,TOTAL,TOTAL,Ecuador,1,0,Provisional,29241
2017-12,2019-01,Long-term migrant,Arrivals,TOTAL,TOTAL,Egypt,4,0,Provisional,29242
2017-12,2019-01,Long-term migrant,Arrivals,TOTAL,TOTAL,Eritrea,1,0,Provisional,29243
2017-12,2019-01,Long-term migrant,Arrivals,TOTAL,TOTAL,Estonia,1.922,0.232026679,Provisional,29244
2017-12,2019-01,Long-term migrant,Arrivals,TOTAL,TOTAL,Ethiopia,2,0,Provisional,29245
2017-12,2019-01,Long-term migrant,Arrivals,TOTAL,TOTAL,Europe,2240.526,8.964003375,Provisional,29246
2017-12,2019-01,Long-term migrant,Arrivals,TOTAL,TOTAL,Fiji,276.846,2.987418683,Provisional,29247
2017-12,2019-01,Long-term migrant,Arrivals,TOTAL,TOTAL,Finland,23.68,0.762654182,Provisional,29248
2017-12,2019-01,Long-term migrant,Arrivals,TOTAL,TOTAL,Former Yugoslav Republic of Macedonia (FYROM),3,0,Provisional,29249
2017-12,2019-01,Long-term migrant,Arrivals,TOTAL,TOTAL,France,148.722,2.673460594,Provisional,29250
2017-12,2019-01,Long-term migrant,Arrivals,TOTAL,TOTAL,French Polynesia,3.09,0.215122645,Provisional,29251
2017-12,2019-01,Long-term migrant,Arrivals,TOTAL,TOTAL,Gambia,1,0,Provisional,29252
2017-12,2019-01,Long-term migrant,Arrivals,TOTAL,TOTAL,Germany,173.626,2.088138009,Provisional,29253
2017-12,2019-01,Long-term migrant,Arrivals,TOTAL,TOTAL,Ghana,6,0,Provisional,29254
2017-10,2019-01,Long-term migrant,Arrivals,TOTAL,Visitor,Afghanistan,13,0,Provisional,29255
2017-10,2019-01,Long-term migrant,Arrivals,TOTAL,Visitor,Africa and the Middle East,218,0,Provisional,29256
2017-10,2019-01,Long-term migrant,Arrivals,TOTAL,Visitor,Argentina,19,0,Provisional,29257
2017-10,2019-01,Long-term migrant,Arrivals,TOTAL,Visitor,Asia,1206,0,Provisional,29258
2017-10,2019-01,Long-term migrant,Arrivals,TOTAL,Visitor,Australia,40,0,Provisional,29259
2017-10,2019-01,Long-term migrant,Arrivals,TOTAL,Visitor,Bahrain,1,0,Provisional,29260
2017-10,2019-01,Long-term migrant,Arrivals,TOTAL,Visitor,Bangladesh,13,0,Provisional,29261
2017-10,2019-01,Long-term migrant,Arrivals,TOTAL,Visitor,Belarus,4,0,Provisional,29262
2017-10,2019-01,Long-term migrant,Arrivals,TOTAL,Visitor,Belgium,1,0,Provisional,29263
2017-10,2019-01,Long-term migrant,Arrivals,TOTAL,Visitor,Bermuda,1,0,Provisional,29264
2017-10,2019-01,Long-term migrant,Arrivals,TOTAL,Visitor,Bolivia,2,0,Provisional,29265
2017-10,2019-01,Long-term migrant,Arrivals,TOTAL,Visitor,Botswana,2,0,Provisional,29266
2017-10,2019-01,Long-term migrant,Arrivals,TOTAL,Visitor,Brazil,51,0,Provisional,29267
2017-10,2019-01,Long-term migrant,Arrivals,TOTAL,Visitor,Cambodia,12,0,Provisional,29268
2017-10,2019-01,Long-term migrant,Arrivals,TOTAL,Visitor,Canada,22,0,Provisional,29269
2017-10,2019-01,Long-term migrant,Arrivals,TOTAL,Visitor,Chile,28,0,Provisional,29270
2017-10,2019-01,Long-term migrant,Arrivals,TOTAL,Visitor,China,327,0,Provisional,29271
2017-10,2019-01,Long-term migrant,Arrivals,TOTAL,Visitor,Cook Islands,3,0,Provisional,29272
2017-10,2019-01,Long-term migrant,Arrivals,TOTAL,Visitor,Cuba,1,0,Provisional,29273
2017-10,2019-01,Long-term migrant,Arrivals,TOTAL,Visitor,Czech Republic / Czechia,8,0,Provisional,29274
2017-10,2019-01,Long-term migrant,Arrivals,TOTAL,Visitor,Ecuador,4,0,Provisional,29275
2017-10,2019-01,Long-term migrant,Arrivals,TOTAL,Visitor,Egypt,2,0,Provisional,29276
2017-10,2019-01,Long-term migrant,Arrivals,TOTAL,Visitor,El Salvador,1,0,Provisional,29277
2017-10,2019-01,Long-term migrant,Arrivals,TOTAL,Visitor,Ethiopia,3,0,Provisional,29278
2017-10,2019-01,Long-term migrant,Arrivals,TOTAL,Visitor,Europe,313,0,Provisional,29279
2017-10,2019-01,Long-term migrant,Arrivals,TOTAL,Visitor,Fiji,52,0,Provisional,29280
2017-10,2019-01,Long-term migrant,Arrivals,TOTAL,Visitor,Finland,2,0,Provisional,29281
2017-10,2019-01,Long-term migrant,Arrivals,TOTAL,Visitor,Former Yugoslav Republic of Macedonia (FYROM),5,0,Provisional,29282
2017-10,2019-01,Long-term migrant,Arrivals,TOTAL,Visitor,France,25,0,Provisional,29283
2017-10,2019-01,Long-term migrant,Arrivals,TOTAL,Visitor,French Polynesia,5,0,Provisional,29284
2017-10,2019-01,Long-term migrant,Arrivals,TOTAL,Visitor,Germany,46,0,Provisional,29285
2017-10,2019-01,Long-term migrant,Arrivals,TOTAL,Visitor,Greece,1,0,Provisional,29286
2017-10,2019-01,Long-term migrant,Arrivals,TOTAL,Visitor,Hong Kong (Special Administrative Region),14,0,Provisional,29287
2017-10,2019-01,Long-term migrant,Arrivals,TOTAL,Visitor,India,320,0,Provisional,29288
2017-10,2019-01,Long-term migrant,Arrivals,TOTAL,Visitor,Indonesia,11,0,Provisional,29289
2017-10,2019-01,Long-term migrant,Arrivals,TOTAL,Visitor,Iran,5,0,Provisional,29290
2017-10,2019-01,Long-term migrant,Arrivals,TOTAL,Visitor,Ireland,10,0,Provisional,29291
2017-10,2019-01,Long-term migrant,Arrivals,TOTAL,Visitor,Israel,8,0,Provisional,29292
2017-10,2019-01,Long-term migrant,Arrivals,TOTAL,Visitor,Italy,12,0,Provisional,29293
2017-10,2019-01,Long-term migrant,Arrivals,TOTAL,Visitor,Japan,24,0,Provisional,29294
2017-10,2019-01,Long-term migrant,Arrivals,TOTAL,Visitor,Jordan,1,0,Provisional,29295
2017-10,2019-01,Long-term migrant,Arrivals,TOTAL,Visitor,Kazakhstan,2,0,Provisional,29296
2017-10,2019-01,Long-term migrant,Arrivals,TOTAL,Visitor,Kenya,1,0,Provisional,29297
2017-10,2019-01,Long-term migrant,Arrivals,TOTAL,Visitor,Kiribati,8,0,Provisional,29298
2017-10,2019-01,Long-term migrant,Arrivals,TOTAL,Visitor,Republic of Korea,107,0,Provisional,29299
2017-10,2019-01,Long-term migrant,Arrivals,TOTAL,Visitor,Kuwait,3,0,Provisional,29300
2017-10,2019-01,Long-term migrant,Arrivals,TOTAL,Visitor,Laos,1,0,Provisional,29301
2017-10,2019-01,Long-term migrant,Arrivals,TOTAL,Visitor,Lithuania,2,0,Provisional,29302
2017-10,2019-01,Long-term migrant,Arrivals,TOTAL,Visitor,Malaysia,49,0,Provisional,29303
2017-10,2019-01,Long-term migrant,Arrivals,TOTAL,Visitor,Mexico,4,0,Provisional,29304
2017-10,2019-01,Long-term migrant,Arrivals,TOTAL,Visitor,Nepal,19,0,Provisional,29305
2017-10,2019-01,Long-term migrant,Arrivals,TOTAL,Visitor,Netherlands,17,0,Provisional,29306
2017-10,2019-01,Long-term migrant,Arrivals,TOTAL,Visitor,New Caledonia,11,0,Provisional,29307
2017-10,2019-01,Long-term migrant,Arrivals,TOTAL,Visitor,New Zealand,2,0,Provisional,29308
2017-12,2019-01,Long-term migrant,Arrivals,TOTAL,TOTAL,Greece,2.796,0.376742836,Provisional,29309
2017-12,2019-01,Long-term migrant,Arrivals,TOTAL,TOTAL,Guam,1,0,Provisional,29310
2017-12,2019-01,Long-term migrant,Arrivals,TOTAL,TOTAL,Guyana,2,0,Provisional,29311
2017-12,2019-01,Long-term migrant,Arrivals,TOTAL,TOTAL,Honduras,1,0,Provisional,29312
2017-12,2019-01,Long-term migrant,Arrivals,TOTAL,TOTAL,Hong Kong (Special Administrative Region),110.184,2.107578663,Provisional,29313
2017-12,2019-01,Long-term migrant,Arrivals,TOTAL,TOTAL,Hungary,9,0,Provisional,29314
2017-12,2019-01,Long-term migrant,Arrivals,TOTAL,TOTAL,Iceland,2.024,0.088116243,Provisional,29315
2017-12,2019-01,Long-term migrant,Arrivals,TOTAL,TOTAL,India,681.668,2.735330206,Provisional,29316
2017-12,2019-01,Long-term migrant,Arrivals,TOTAL,TOTAL,Indonesia,64.71,0.92966602,Provisional,29317
2017-12,2019-01,Long-term migrant,Arrivals,TOTAL,TOTAL,Iran,18,0,Provisional,29318
2017-12,2019-01,Long-term migrant,Arrivals,TOTAL,TOTAL,Iraq,10,0,Provisional,29319
2017-12,2019-01,Long-term migrant,Arrivals,TOTAL,TOTAL,Ireland,69.516,1.140147387,Provisional,29320
2017-12,2019-01,Long-term migrant,Arrivals,TOTAL,TOTAL,Israel,16.986,0.75011277,Provisional,29321
2017-12,2019-01,Long-term migrant,Arrivals,TOTAL,TOTAL,Italy,50.072,0.899834983,Provisional,29322
2017-12,2019-01,Long-term migrant,Arrivals,TOTAL,TOTAL,Japan,138.972,2.527341701,Provisional,29323
2017-12,2019-01,Long-term migrant,Arrivals,TOTAL,TOTAL,Jordan,7.08,0.790130058,Provisional,29324
2017-12,2019-01,Long-term migrant,Arrivals,TOTAL,TOTAL,Kazakhstan,12,0,Provisional,29325
2017-12,2019-01,Long-term migrant,Arrivals,TOTAL,TOTAL,Kenya,6.714,0.463738079,Provisional,29326
2017-12,2019-01,Long-term migrant,Arrivals,TOTAL,TOTAL,Kiribati,46.63,2.334212463,Provisional,29327
2017-12,2019-01,Long-term migrant,Arrivals,TOTAL,TOTAL,Republic of Korea,188.892,1.611148157,Provisional,29328
2017-12,2019-01,Long-term migrant,Arrivals,TOTAL,TOTAL,Kuwait,11.748,0.440699925,Provisional,29329
2017-12,2019-01,Long-term migrant,Arrivals,TOTAL,TOTAL,Laos,7,0,Provisional,29330
2017-12,2019-01,Long-term migrant,Arrivals,TOTAL,TOTAL,Latvia,2,0,Provisional,29331
2017-12,2019-01,Long-term migrant,Arrivals,TOTAL,TOTAL,Lebanon,1,0,Provisional,29332
2017-12,2019-01,Long-term migrant,Arrivals,TOTAL,TOTAL,Lithuania,6.04,0.155804989,Provisional,29333
2017-12,2019-01,Long-term migrant,Arrivals,TOTAL,TOTAL,Luxembourg,2,0,Provisional,29334
2017-12,2019-01,Long-term migrant,Arrivals,TOTAL,TOTAL,Macau (Special Administrative Region),3.472,0.651462188,Provisional,29335
2017-12,2019-01,Long-term migrant,Arrivals,TOTAL,TOTAL,Madagascar,1,0,Provisional,29336
2017-12,2019-01,Long-term migrant,Arrivals,TOTAL,TOTAL,Malaysia,152.262,1.77886003,Provisional,29337
2017-12,2019-01,Long-term migrant,Arrivals,TOTAL,TOTAL,Maldives,2,0,Provisional,29338
2017-12,2019-01,Long-term migrant,Arrivals,TOTAL,TOTAL,Malta,3.768,0.417098067,Provisional,29339
2017-12,2019-01,Long-term migrant,Arrivals,TOTAL,TOTAL,Mauritius,2.65,0.512121445,Provisional,29340
2017-12,2019-01,Long-term migrant,Arrivals,TOTAL,TOTAL,Mexico,13.814,0.375969498,Provisional,29341
2017-12,2019-01,Long-term migrant,Arrivals,TOTAL,TOTAL,Moldova,1,0,Provisional,29342
2017-12,2019-01,Long-term migrant,Arrivals,TOTAL,TOTAL,Mongolia,1,0,Provisional,29343
2017-12,2019-01,Long-term migrant,Arrivals,TOTAL,TOTAL,Myanmar,6,0,Provisional,29344
2017-12,2019-01,Long-term migrant,Arrivals,TOTAL,TOTAL,Namibia,10,0,Provisional,29345
2017-12,2019-01,Long-term migrant,Arrivals,TOTAL,TOTAL,Nepal,27.862,0.326294084,Provisional,29346
2017-12,2019-01,Long-term migrant,Arrivals,TOTAL,TOTAL,Netherlands,59.476,1.344849539,Provisional,29347
2017-12,2019-01,Long-term migrant,Arrivals,TOTAL,TOTAL,New Caledonia,5.024,0.086397033,Provisional,29348
2017-12,2019-01,Long-term migrant,Arrivals,TOTAL,TOTAL,New Zealand,41.416,1.446815416,Provisional,29349
2017-12,2019-01,Long-term migrant,Arrivals,TOTAL,TOTAL,Nicaragua,0.878,0.304726173,Provisional,29350
2017-12,2019-01,Long-term migrant,Arrivals,TOTAL,TOTAL,Nigeria,9,0,Provisional,29351
2017-12,2019-01,Long-term migrant,Arrivals,TOTAL,TOTAL,Niue,9.89,1.141917359,Provisional,29352
2017-12,2019-01,Long-term migrant,Arrivals,TOTAL,TOTAL,Northern Mariana Islands,1,0,Provisional,29353
2017-12,2019-01,Long-term migrant,Arrivals,TOTAL,TOTAL,Norway,11.41,0.480807865,Provisional,29354
2017-12,2019-01,Long-term migrant,Arrivals,TOTAL,TOTAL,Not Stated,1164.184,11.96578818,Provisional,29355
2017-12,2019-01,Long-term migrant,Arrivals,TOTAL,TOTAL,Oceania and Antarctica,4676.244,23.58584496,Provisional,29356
2017-12,2019-01,Long-term migrant,Arrivals,TOTAL,TOTAL,Oman,16.7,1.098007857,Provisional,29357
2017-12,2019-01,Long-term migrant,Arrivals,TOTAL,TOTAL,Pakistan,30.554,0.94496244,Provisional,29358
2017-12,2019-01,Long-term migrant,Arrivals,TOTAL,TOTAL,Papua New Guinea,3.512,0.484334645,Provisional,29359
2017-12,2019-01,Long-term migrant,Arrivals,TOTAL,TOTAL,Peru,10.944,0.393681581,Provisional,29360
2017-12,2019-01,Long-term migrant,Arrivals,TOTAL,TOTAL,Philippines,441.838,1.68276529,Provisional,29361
2017-12,2019-01,Long-term migrant,Arrivals,TOTAL,TOTAL,Pitcairn,1,0,Provisional,29362
2017-12,2019-01,Long-term migrant,Arrivals,TOTAL,TOTAL,Poland,18,0,Provisional,29363
2017-12,2019-01,Long-term migrant,Arrivals,TOTAL,TOTAL,Portugal,6,0,Provisional,29364
2017-12,2019-01,Long-term migrant,Arrivals,TOTAL,TOTAL,Qatar,24,0,Provisional,29365
2017-12,2019-01,Long-term migrant,Arrivals,TOTAL,TOTAL,Romania,2,0,Provisional,29366
2017-12,2019-01,Long-term migrant,Arrivals,TOTAL,TOTAL,Russia,46.852,0.845183096,Provisional,29367
2017-12,2019-01,Long-term migrant,Arrivals,TOTAL,TOTAL,Samoa,334.64,2.705226627,Provisional,29368
2017-12,2019-01,Long-term migrant,Arrivals,TOTAL,TOTAL,Samoa,9,0,Provisional,29369
2017-12,2019-01,Long-term migrant,Arrivals,TOTAL,TOTAL,Saudi Arabia,43.97,0.385992818,Provisional,29370
2017-12,2019-01,Long-term migrant,Arrivals,TOTAL,TOTAL,Serbia,14,0,Provisional,29371
2017-12,2019-01,Long-term migrant,Arrivals,TOTAL,TOTAL,Singapore,178.012,1.747649143,Provisional,29372
2017-12,2019-01,Long-term migrant,Arrivals,TOTAL,TOTAL,Slovakia,3,0,Provisional,29373
2017-12,2019-01,Long-term migrant,Arrivals,TOTAL,TOTAL,Slovenia,4,0,Provisional,29374
2017-12,2019-01,Long-term migrant,Arrivals,TOTAL,TOTAL,Solomon Islands,6.588,0.442888737,Provisional,29375
2017-12,2019-01,Long-term migrant,Arrivals,TOTAL,TOTAL,Somalia,1,0,Provisional,29376
2017-12,2019-01,Long-term migrant,Arrivals,TOTAL,TOTAL,South Africa,665.456,2.12892446,Provisional,29377
2017-12,2019-01,Long-term migrant,Arrivals,TOTAL,TOTAL,Spain,46.24,0.934697772,Provisional,29378
2017-12,2019-01,Long-term migrant,Arrivals,TOTAL,TOTAL,Sri Lanka,108.922,0.878669953,Provisional,29379
2017-12,2019-01,Long-term migrant,Arrivals,TOTAL,TOTAL,Swaziland / Eswatini,3,0,Provisional,29380
2017-12,2019-01,Long-term migrant,Arrivals,TOTAL,TOTAL,Sweden,44.916,1.115157488,Provisional,29381
2017-12,2019-01,Long-term migrant,Arrivals,TOTAL,TOTAL,Switzerland,23.978,0.574274544,Provisional,29382
2017-12,2019-01,Long-term migrant,Arrivals,TOTAL,TOTAL,Syria,1,0,Provisional,29383
2017-12,2019-01,Long-term migrant,Arrivals,TOTAL,TOTAL,Taiwan,43.768,1.109531966,Provisional,29384
2017-12,2019-01,Long-term migrant,Arrivals,TOTAL,TOTAL,Tanzania,2,0,Provisional,29385
2017-12,2019-01,Long-term migrant,Arrivals,TOTAL,TOTAL,Thailand,85.544,1.43977676,Provisional,29386
2017-12,2019-01,Long-term migrant,Arrivals,TOTAL,TOTAL,The Americas,1080.492,4.795836339,Provisional,29387
2017-12,2019-01,Long-term migrant,Arrivals,TOTAL,TOTAL,Timor-Leste,12,0,Provisional,29388
2017-12,2019-01,Long-term migrant,Arrivals,TOTAL,TOTAL,Tokelau,9.64,0.582473979,Provisional,29389
2017-12,2019-01,Long-term migrant,Arrivals,TOTAL,TOTAL,Tonga,203.262,1.792759421,Provisional,29390
2017-12,2019-01,Long-term migrant,Arrivals,TOTAL,TOTAL,TOTAL,13343.708,47.85791441,Provisional,29391
2017-12,2019-01,Long-term migrant,Arrivals,TOTAL,TOTAL,Turkey,16.03,0.60914278,Provisional,29392
2017-12,2019-01,Long-term migrant,Arrivals,TOTAL,TOTAL,Turks and Caicos Islands,0.848,0.3498986,Provisional,29393
2017-12,2019-01,Long-term migrant,Arrivals,TOTAL,TOTAL,Tuvalu,17,0,Provisional,29394
2017-12,2019-01,Long-term migrant,Arrivals,TOTAL,TOTAL,Uganda,2,0,Provisional,29395
2017-12,2019-01,Long-term migrant,Arrivals,TOTAL,TOTAL,Ukraine,12.912,0.224952319,Provisional,29396
2017-12,2019-01,Long-term migrant,Arrivals,TOTAL,TOTAL,United Arab Emirates,95.648,1.106693853,Provisional,29397
2017-12,2019-01,Long-term migrant,Arrivals,TOTAL,TOTAL,United Kingdom,1350.398,5.031703774,Provisional,29398
2017-12,2019-01,Long-term migrant,Arrivals,TOTAL,TOTAL,United States of America,472.382,3.130765886,Provisional,29399
2017-12,2019-01,Long-term migrant,Arrivals,TOTAL,TOTAL,Uruguay,13.39,0.594783102,Provisional,29400
2017-12,2019-01,Long-term migrant,Arrivals,TOTAL,TOTAL,Vanuatu,28.8,1.35159931,Provisional,29401
2017-12,2019-01,Long-term migrant,Arrivals,TOTAL,TOTAL,Venezuela,1,0,Provisional,29402
2017-12,2019-01,Long-term migrant,Arrivals,TOTAL,TOTAL,Viet Nam,59.882,0.535444042,Provisional,29403
2017-12,2019-01,Long-term migrant,Arrivals,TOTAL,TOTAL,Virgin Islands,2,0,Provisional,29404
2017-12,2019-01,Long-term migrant,Arrivals,TOTAL,TOTAL,Zambia,0.034,0.14427187,Provisional,29405
2017-12,2019-01,Long-term migrant,Arrivals,TOTAL,TOTAL,Zimbabwe,13,0,Provisional,29406
2018-01,2019-01,Long-term migrant,Arrivals,TOTAL,TOTAL,Afghanistan,4.926,0.201825002,Provisional,29407
2018-01,2019-01,Long-term migrant,Arrivals,TOTAL,TOTAL,Africa and the Middle East,1215.562,5.807343159,Provisional,29408
2018-01,2019-01,Long-term migrant,Arrivals,TOTAL,TOTAL,Algeria,2.098,0.265590259,Provisional,29409
2018-01,2019-01,Long-term migrant,Arrivals,TOTAL,TOTAL,Angola,1,0,Provisional,29410
2018-01,2019-01,Long-term migrant,Arrivals,TOTAL,TOTAL,Antigua and Barbuda,0.126,0.302044347,Provisional,29411
2018-01,2019-01,Long-term migrant,Arrivals,TOTAL,TOTAL,Argentina,52.708,1.183211557,Provisional,29412
2018-01,2019-01,Long-term migrant,Arrivals,TOTAL,TOTAL,Asia,5349.392,40.19881339,Provisional,29413
2018-01,2019-01,Long-term migrant,Arrivals,TOTAL,TOTAL,Australia,2482.488,19.99429659,Provisional,29414
2018-01,2019-01,Long-term migrant,Arrivals,TOTAL,TOTAL,Austria,10.352,0.767477435,Provisional,29415
2018-01,2019-01,Long-term migrant,Arrivals,TOTAL,TOTAL,Bahrain,13.588,0.589277898,Provisional,29416
2018-01,2019-01,Long-term migrant,Arrivals,TOTAL,TOTAL,Bangladesh,20.438,0.638236245,Provisional,29417
2018-01,2019-01,Long-term migrant,Arrivals,TOTAL,TOTAL,Barbados,4.75,0.424189321,Provisional,29418
2018-01,2019-01,Long-term migrant,Arrivals,TOTAL,TOTAL,Belarus,1.818,0.401807779,Provisional,29419
2018-01,2019-01,Long-term migrant,Arrivals,TOTAL,TOTAL,Belgium,47.114,1.12827526,Provisional,29420
2018-01,2019-01,Long-term migrant,Arrivals,TOTAL,TOTAL,Belize,1,0,Provisional,29421
2018-01,2019-01,Long-term migrant,Arrivals,TOTAL,TOTAL,Bermuda,1,0,Provisional,29422
2018-01,2019-01,Long-term migrant,Arrivals,TOTAL,TOTAL,Bolivia,5.066,0.20083069,Provisional,29423
2018-01,2019-01,Long-term migrant,Arrivals,TOTAL,TOTAL,Botswana,9,0,Provisional,29424
2018-01,2019-01,Long-term migrant,Arrivals,TOTAL,TOTAL,Brazil,131.612,2.899762823,Provisional,29425
2018-01,2019-01,Long-term migrant,Arrivals,TOTAL,TOTAL,Brunei Darussalam,6.63,0.80203453,Provisional,29426
2018-01,2019-01,Long-term migrant,Arrivals,TOTAL,TOTAL,Cambodia,39.722,1.649026356,Provisional,29427
2018-01,2019-01,Long-term migrant,Arrivals,TOTAL,TOTAL,Canada,281.808,4.723727984,Provisional,29428
2018-01,2019-01,Long-term migrant,Arrivals,TOTAL,TOTAL,Cayman Islands,5,0,Provisional,29429
2018-01,2019-01,Long-term migrant,Arrivals,TOTAL,TOTAL,Chile,41.16,1.801833269,Provisional,29430
2018-01,2019-01,Long-term migrant,Arrivals,TOTAL,TOTAL,China,1610.042,22.05801627,Provisional,29431
2018-01,2019-01,Long-term migrant,Arrivals,TOTAL,TOTAL,Colombia,26.944,1.213097803,Provisional,29432
2018-01,2019-01,Long-term migrant,Arrivals,TOTAL,TOTAL,Congo,2,0,Provisional,29433
2018-01,2019-01,Long-term migrant,Arrivals,TOTAL,TOTAL,Cook Islands,31.2,1.663680342,Provisional,29434
2018-01,2019-01,Long-term migrant,Arrivals,TOTAL,TOTAL,Costa Rica,1.62,0.537645388,Provisional,29435
2018-01,2019-01,Long-term migrant,Arrivals,TOTAL,TOTAL,Croatia,2.118,0.327871534,Provisional,29436
2018-01,2019-01,Long-term migrant,Arrivals,TOTAL,TOTAL,Cuba,1,0,Provisional,29437
2018-01,2019-01,Long-term migrant,Arrivals,TOTAL,TOTAL,Czech Republic / Czechia,47.462,1.210084324,Provisional,29438
2018-01,2019-01,Long-term migrant,Arrivals,TOTAL,TOTAL,Denmark,21.874,0.901020814,Provisional,29439
2018-01,2019-01,Long-term migrant,Arrivals,TOTAL,TOTAL,Dominican Republic,3,0,Provisional,29440
2018-01,2019-01,Long-term migrant,Arrivals,TOTAL,TOTAL,Ecuador,35.008,0.467243535,Provisional,29441
2018-01,2019-01,Long-term migrant,Arrivals,TOTAL,TOTAL,Egypt,17.984,0.526940911,Provisional,29442
2018-01,2019-01,Long-term migrant,Arrivals,TOTAL,TOTAL,El Salvador,2,0,Provisional,29443
2018-01,2019-01,Long-term migrant,Arrivals,TOTAL,TOTAL,Eritrea,4,0,Provisional,29444
2018-01,2019-01,Long-term migrant,Arrivals,TOTAL,TOTAL,Estonia,1.408,0.58108853,Provisional,29445
2018-01,2019-01,Long-term migrant,Arrivals,TOTAL,TOTAL,Ethiopia,9,0,Provisional,29446
2018-01,2019-01,Long-term migrant,Arrivals,TOTAL,TOTAL,Europe,2462.154,16.06548574,Provisional,29447
2018-01,2019-01,Long-term migrant,Arrivals,TOTAL,TOTAL,Fiji,243.652,4.352741487,Provisional,29448
2018-01,2019-01,Long-term migrant,Arrivals,TOTAL,TOTAL,Finland,16.552,0.963344817,Provisional,29449
2018-01,2019-01,Long-term migrant,Arrivals,TOTAL,TOTAL,Former Yugoslav Republic of Macedonia (FYROM),5,0,Provisional,29450
2018-01,2019-01,Long-term migrant,Arrivals,TOTAL,TOTAL,France,220.338,4.93912922,Provisional,29451
2018-01,2019-01,Long-term migrant,Arrivals,TOTAL,TOTAL,French Polynesia,1.932,0.603726857,Provisional,29452
2018-01,2019-01,Long-term migrant,Arrivals,TOTAL,TOTAL,Gaza Strip/Palestine/West Bank,1,0,Provisional,29453
2018-01,2019-01,Long-term migrant,Arrivals,TOTAL,TOTAL,Germany,221.908,5.722657798,Provisional,29454
2018-01,2019-01,Long-term migrant,Arrivals,TOTAL,TOTAL,Ghana,5.57,0.559188381,Provisional,29455
2018-01,2019-01,Long-term migrant,Arrivals,TOTAL,TOTAL,Greece,1.838,0.350220662,Provisional,29456
2018-01,2019-01,Long-term migrant,Arrivals,TOTAL,TOTAL,Grenada,1,0,Provisional,29457
2018-01,2019-01,Long-term migrant,Arrivals,TOTAL,TOTAL,Guam,1,0,Provisional,29458
2018-01,2019-01,Long-term migrant,Arrivals,TOTAL,TOTAL,Guyana,0.932,0.224247566,Provisional,29459
2018-01,2019-01,Long-term migrant,Arrivals,TOTAL,TOTAL,Honduras,1,0,Provisional,29460
2018-01,2019-01,Long-term migrant,Arrivals,TOTAL,TOTAL,Hong Kong (Special Administrative Region),160.798,4.540394975,Provisional,29461
2018-01,2019-01,Long-term migrant,Arrivals,TOTAL,TOTAL,Hungary,16.256,0.452731593,Provisional,29462
2018-01,2019-01,Long-term migrant,Arrivals,TOTAL,TOTAL,Iceland,2,0,Provisional,29463
2018-01,2019-01,Long-term migrant,Arrivals,TOTAL,TOTAL,India,923.538,6.026197779,Provisional,29464
2018-01,2019-01,Long-term migrant,Arrivals,TOTAL,TOTAL,Indonesia,91.126,2.281660692,Provisional,29465
2018-01,2019-01,Long-term migrant,Arrivals,TOTAL,TOTAL,Iran,18.57,0.829903707,Provisional,29466
2018-01,2019-01,Long-term migrant,Arrivals,TOTAL,TOTAL,Iraq,9.322,0.816153745,Provisional,29467
2018-01,2019-01,Long-term migrant,Arrivals,TOTAL,TOTAL,Ireland,94.478,1.617236599,Provisional,29468
2018-01,2019-01,Long-term migrant,Arrivals,TOTAL,TOTAL,Israel,32.26,0.851664849,Provisional,29469
2018-01,2019-01,Long-term migrant,Arrivals,TOTAL,TOTAL,Italy,35.032,1.3156599,Provisional,29470
2018-01,2019-01,Long-term migrant,Arrivals,TOTAL,TOTAL,Jamaica,3.094,0.256429195,Provisional,29471
2018-01,2019-01,Long-term migrant,Arrivals,TOTAL,TOTAL,Japan,271.268,10.77988127,Provisional,29472
2018-01,2019-01,Long-term migrant,Arrivals,TOTAL,TOTAL,Jordan,14.106,0.745276168,Provisional,29473
2018-01,2019-01,Long-term migrant,Arrivals,TOTAL,TOTAL,Kazakhstan,1.162,0.330652476,Provisional,29474
2018-01,2019-01,Long-term migrant,Arrivals,TOTAL,TOTAL,Kenya,2,0,Provisional,29475
2018-01,2019-01,Long-term migrant,Arrivals,TOTAL,TOTAL,Kiribati,21.272,0.730417195,Provisional,29476
2018-01,2019-01,Long-term migrant,Arrivals,TOTAL,TOTAL,Republic of Korea,542.762,8.979184125,Provisional,29477
2018-01,2019-01,Long-term migrant,Arrivals,TOTAL,TOTAL,Kuwait,8.036,0.85908239,Provisional,29478
2018-01,2019-01,Long-term migrant,Arrivals,TOTAL,TOTAL,Laos,7.956,0.69071869,Provisional,29479
2018-01,2019-01,Long-term migrant,Arrivals,TOTAL,TOTAL,Latvia,6.306,0.488793174,Provisional,29480
2018-01,2019-01,Long-term migrant,Arrivals,TOTAL,TOTAL,Lebanon,34.89,0.263155456,Provisional,29481
2018-01,2019-01,Long-term migrant,Arrivals,TOTAL,TOTAL,Lithuania,4.626,0.572637203,Provisional,29482
2018-01,2019-01,Long-term migrant,Arrivals,TOTAL,TOTAL,Luxembourg,1.102,0.298279757,Provisional,29483
2018-01,2019-01,Long-term migrant,Arrivals,TOTAL,TOTAL,Macau (Special Administrative Region),6.698,0.909333394,Provisional,29484
2018-01,2019-01,Long-term migrant,Arrivals,TOTAL,TOTAL,Malawi,3.678,0.506944222,Provisional,29485
2018-01,2019-01,Long-term migrant,Arrivals,TOTAL,TOTAL,Malaysia,173.434,2.768496318,Provisional,29486
2018-01,2019-01,Long-term migrant,Arrivals,TOTAL,TOTAL,Maldives,6.764,0.407319765,Provisional,29487
2018-01,2019-01,Long-term migrant,Arrivals,TOTAL,TOTAL,Mauritius,8.728,0.415647507,Provisional,29488
2018-01,2019-01,Long-term migrant,Arrivals,TOTAL,TOTAL,Mexico,24.234,0.820594031,Provisional,29489
2018-01,2019-01,Long-term migrant,Arrivals,TOTAL,TOTAL,Moldova,1,0,Provisional,29490
2018-01,2019-01,Long-term migrant,Arrivals,TOTAL,TOTAL,Mongolia,3.754,0.452442568,Provisional,29491
2018-01,2019-01,Long-term migrant,Arrivals,TOTAL,TOTAL,Montenegro,1,0,Provisional,29492
2018-01,2019-01,Long-term migrant,Arrivals,TOTAL,TOTAL,Myanmar,4.824,0.337986688,Provisional,29493
2018-01,2019-01,Long-term migrant,Arrivals,TOTAL,TOTAL,Nauru,0.51,0.477057637,Provisional,29494
2018-01,2019-01,Long-term migrant,Arrivals,TOTAL,TOTAL,Nepal,44.91,0.725874624,Provisional,29495
2018-01,2019-01,Long-term migrant,Arrivals,TOTAL,TOTAL,Netherlands,72.422,1.794289633,Provisional,29496
2018-01,2019-01,Long-term migrant,Arrivals,TOTAL,TOTAL,New Caledonia,17.816,1.045015888,Provisional,29497
2018-01,2019-01,Long-term migrant,Arrivals,TOTAL,TOTAL,New Zealand,24.66,1.650608784,Provisional,29498
2018-01,2019-01,Long-term migrant,Arrivals,TOTAL,TOTAL,Nicaragua,1,0,Provisional,29499
2018-01,2019-01,Long-term migrant,Arrivals,TOTAL,TOTAL,Nigeria,3.9,0.257114596,Provisional,29500
2018-01,2019-01,Long-term migrant,Arrivals,TOTAL,TOTAL,Niue,6.894,1.011891277,Provisional,29501
2018-01,2019-01,Long-term migrant,Arrivals,TOTAL,TOTAL,Norway,22.056,0.846140202,Provisional,29502
2018-01,2019-01,Long-term migrant,Arrivals,TOTAL,TOTAL,Not Stated,1251.486,15.5521826,Provisional,29503
2018-01,2019-01,Long-term migrant,Arrivals,TOTAL,TOTAL,Oceania and Antarctica,3265.116,23.82307881,Provisional,29504
2018-01,2019-01,Long-term migrant,Arrivals,TOTAL,TOTAL,Oman,50.256,1.514117731,Provisional,29505
2018-01,2019-01,Long-term migrant,Arrivals,TOTAL,TOTAL,Pakistan,53.732,1.191135161,Provisional,29506
2018-01,2019-01,Long-term migrant,Arrivals,TOTAL,TOTAL,Papua New Guinea,19.136,1.454173082,Provisional,29507
2018-01,2019-01,Long-term migrant,Arrivals,TOTAL,TOTAL,Paraguay,1,0,Provisional,29508
2018-01,2019-01,Long-term migrant,Arrivals,TOTAL,TOTAL,Peru,13.342,0.811595798,Provisional,29509
2018-01,2019-01,Long-term migrant,Arrivals,TOTAL,TOTAL,Philippines,657.196,2.497381677,Provisional,29510
2018-01,2019-01,Long-term migrant,Arrivals,TOTAL,TOTAL,Poland,16.538,0.658207653,Provisional,29511
2018-01,2019-01,Long-term migrant,Arrivals,TOTAL,TOTAL,Portugal,15.798,0.406986065,Provisional,29512
2018-01,2019-01,Long-term migrant,Arrivals,TOTAL,TOTAL,Qatar,44.868,0.748228621,Provisional,29513
2018-01,2019-01,Long-term migrant,Arrivals,TOTAL,TOTAL,Reunion,2,0,Provisional,29514
2018-01,2019-01,Long-term migrant,Arrivals,TOTAL,TOTAL,Romania,2.786,0.419170368,Provisional,29515
2018-01,2019-01,Long-term migrant,Arrivals,TOTAL,TOTAL,Russia,54.874,1.366988795,Provisional,29516
2018-01,2019-01,Long-term migrant,Arrivals,TOTAL,TOTAL,Samoa,221.01,3.258826331,Provisional,29517
2018-01,2019-01,Long-term migrant,Arrivals,TOTAL,TOTAL,Samoa,2,0,Provisional,29518
2018-01,2019-01,Long-term migrant,Arrivals,TOTAL,TOTAL,Saudi Arabia,108.202,2.548540851,Provisional,29519
2018-01,2019-01,Long-term migrant,Arrivals,TOTAL,TOTAL,Senegal,2,0,Provisional,29520
2018-01,2019-01,Long-term migrant,Arrivals,TOTAL,TOTAL,Serbia,6.174,0.299928556,Provisional,29521
2018-01,2019-01,Long-term migrant,Arrivals,TOTAL,TOTAL,Singapore,194.594,2.775584936,Provisional,29522
2018-01,2019-01,Long-term migrant,Arrivals,TOTAL,TOTAL,Slovakia,5.308,0.725308804,Provisional,29523
2018-01,2019-01,Long-term migrant,Arrivals,TOTAL,TOTAL,Slovenia,7,0,Provisional,29524
2018-01,2019-01,Long-term migrant,Arrivals,TOTAL,TOTAL,Solomon Islands,13.564,0.993377757,Provisional,29525
2018-01,2019-01,Long-term migrant,Arrivals,TOTAL,TOTAL,Somalia,11,0,Provisional,29526
2018-01,2019-01,Long-term migrant,Arrivals,TOTAL,TOTAL,South Africa,581.152,2.947724262,Provisional,29527
2017-10,2019-01,Long-term migrant,Arrivals,TOTAL,Visitor,Nigeria,3,0,Provisional,29528
2017-10,2019-01,Long-term migrant,Arrivals,TOTAL,Visitor,Not Stated,35,0,Provisional,29529
2017-10,2019-01,Long-term migrant,Arrivals,TOTAL,Visitor,Oceania and Antarctica,227,0,Provisional,29530
2017-10,2019-01,Long-term migrant,Arrivals,TOTAL,Visitor,Oman,1,0,Provisional,29531
2017-10,2019-01,Long-term migrant,Arrivals,TOTAL,Visitor,Pakistan,11,0,Provisional,29532
2017-10,2019-01,Long-term migrant,Arrivals,TOTAL,Visitor,Panama,1,0,Provisional,29533
2017-10,2019-01,Long-term migrant,Arrivals,TOTAL,Visitor,Peru,2,0,Provisional,29534
2017-10,2019-01,Long-term migrant,Arrivals,TOTAL,Visitor,Philippines,153,0,Provisional,29535
2017-10,2019-01,Long-term migrant,Arrivals,TOTAL,Visitor,Poland,3,0,Provisional,29536
2017-10,2019-01,Long-term migrant,Arrivals,TOTAL,Visitor,Portugal,1,0,Provisional,29537
2017-10,2019-01,Long-term migrant,Arrivals,TOTAL,Visitor,Qatar,13,0,Provisional,29538
2017-10,2019-01,Long-term migrant,Arrivals,TOTAL,Visitor,Romania,1,0,Provisional,29539
2017-10,2019-01,Long-term migrant,Arrivals,TOTAL,Visitor,Russia,10,0,Provisional,29540
2017-10,2019-01,Long-term migrant,Arrivals,TOTAL,Visitor,Samoa,40,0,Provisional,29541
2017-10,2019-01,Long-term migrant,Arrivals,TOTAL,Visitor,Samoa,5,0,Provisional,29542
2017-10,2019-01,Long-term migrant,Arrivals,TOTAL,Visitor,Saudi Arabia,10,0,Provisional,29543
2017-10,2019-01,Long-term migrant,Arrivals,TOTAL,Visitor,Serbia,4,0,Provisional,29544
2017-10,2019-01,Long-term migrant,Arrivals,TOTAL,Visitor,Singapore,40,0,Provisional,29545
2017-10,2019-01,Long-term migrant,Arrivals,TOTAL,Visitor,Somalia,5,0,Provisional,29546
2017-10,2019-01,Long-term migrant,Arrivals,TOTAL,Visitor,South Africa,136,0,Provisional,29547
2017-10,2019-01,Long-term migrant,Arrivals,TOTAL,Visitor,Spain,11,0,Provisional,29548
2017-10,2019-01,Long-term migrant,Arrivals,TOTAL,Visitor,Sri Lanka,30,0,Provisional,29549
2017-10,2019-01,Long-term migrant,Arrivals,TOTAL,Visitor,Sudan,1,0,Provisional,29550
2017-10,2019-01,Long-term migrant,Arrivals,TOTAL,Visitor,Sweden,4,0,Provisional,29551
2017-10,2019-01,Long-term migrant,Arrivals,TOTAL,Visitor,Switzerland,18,0,Provisional,29552
2017-10,2019-01,Long-term migrant,Arrivals,TOTAL,Visitor,Taiwan,13,0,Provisional,29553
2017-10,2019-01,Long-term migrant,Arrivals,TOTAL,Visitor,Thailand,24,0,Provisional,29554
2017-10,2019-01,Long-term migrant,Arrivals,TOTAL,Visitor,The Americas,271,0,Provisional,29555
2017-10,2019-01,Long-term migrant,Arrivals,TOTAL,Visitor,Tonga,58,0,Provisional,29556
2017-10,2019-01,Long-term migrant,Arrivals,TOTAL,Visitor,TOTAL,2270,0,Provisional,29557
2017-10,2019-01,Long-term migrant,Arrivals,TOTAL,Visitor,Tuvalu,3,0,Provisional,29558
2017-10,2019-01,Long-term migrant,Arrivals,TOTAL,Visitor,Ukraine,5,0,Provisional,29559
2017-10,2019-01,Long-term migrant,Arrivals,TOTAL,Visitor,United Arab Emirates,18,0,Provisional,29560
2017-10,2019-01,Long-term migrant,Arrivals,TOTAL,Visitor,United Kingdom,123,0,Provisional,29561
2017-10,2019-01,Long-term migrant,Arrivals,TOTAL,Visitor,United States of America,130,0,Provisional,29562
2017-10,2019-01,Long-term migrant,Arrivals,TOTAL,Visitor,Uruguay,5,0,Provisional,29563
2017-10,2019-01,Long-term migrant,Arrivals,TOTAL,Visitor,Viet Nam,23,0,Provisional,29564
2017-10,2019-01,Long-term migrant,Arrivals,TOTAL,Visitor,Zambia,1,0,Provisional,29565
2017-10,2019-01,Long-term migrant,Arrivals,TOTAL,Visitor,Zimbabwe,4,0,Provisional,29566
2017-10,2019-01,Long-term migrant,Arrivals,TOTAL,Work,Afghanistan,1,0,Provisional,29567
2017-10,2019-01,Long-term migrant,Arrivals,TOTAL,Work,Africa and the Middle East,343,0,Provisional,29568
2017-10,2019-01,Long-term migrant,Arrivals,TOTAL,Work,Albania,1,0,Provisional,29569
2017-10,2019-01,Long-term migrant,Arrivals,TOTAL,Work,Algeria,4,0,Provisional,29570
2017-10,2019-01,Long-term migrant,Arrivals,TOTAL,Work,Argentina,29,0,Provisional,29571
2017-10,2019-01,Long-term migrant,Arrivals,TOTAL,Work,Asia,906.124,0.256006553,Provisional,29572
2017-10,2019-01,Long-term migrant,Arrivals,TOTAL,Work,Australia,175.03,0.117010621,Provisional,29573
2017-10,2019-01,Long-term migrant,Arrivals,TOTAL,Work,Austria,4,0,Provisional,29574
2017-10,2019-01,Long-term migrant,Arrivals,TOTAL,Work,Bahrain,1,0,Provisional,29575
2017-10,2019-01,Long-term migrant,Arrivals,TOTAL,Work,Bangladesh,2,0,Provisional,29576
2017-10,2019-01,Long-term migrant,Arrivals,TOTAL,Work,Belarus,2,0,Provisional,29577
2017-10,2019-01,Long-term migrant,Arrivals,TOTAL,Work,Belgium,16,0,Provisional,29578
2017-10,2019-01,Long-term migrant,Arrivals,TOTAL,Work,Bermuda,1,0,Provisional,29579
2017-10,2019-01,Long-term migrant,Arrivals,TOTAL,Work,Bosnia and Herzegovina,2,0,Provisional,29580
2017-10,2019-01,Long-term migrant,Arrivals,TOTAL,Work,Brazil,18.034,0.116757252,Provisional,29581
2017-10,2019-01,Long-term migrant,Arrivals,TOTAL,Work,Cambodia,1,0,Provisional,29582
2017-10,2019-01,Long-term migrant,Arrivals,TOTAL,Work,Canada,103,0,Provisional,29583
2017-10,2019-01,Long-term migrant,Arrivals,TOTAL,Work,Cayman Islands,3,0,Provisional,29584
2017-10,2019-01,Long-term migrant,Arrivals,TOTAL,Work,Chile,62,0,Provisional,29585
2017-10,2019-01,Long-term migrant,Arrivals,TOTAL,Work,China,216.062,0.162650287,Provisional,29586
2017-10,2019-01,Long-term migrant,Arrivals,TOTAL,Work,Colombia,2,0,Provisional,29587
2017-10,2019-01,Long-term migrant,Arrivals,TOTAL,Work,Congo,1,0,Provisional,29588
2017-10,2019-01,Long-term migrant,Arrivals,TOTAL,Work,Costa Rica,1,0,Provisional,29589
2017-10,2019-01,Long-term migrant,Arrivals,TOTAL,Work,Croatia,3,0,Provisional,29590
2017-10,2019-01,Long-term migrant,Arrivals,TOTAL,Work,Czech Republic / Czechia,73,0,Provisional,29591
2017-10,2019-01,Long-term migrant,Arrivals,TOTAL,Work,Denmark,4,0,Provisional,29592
2017-10,2019-01,Long-term migrant,Arrivals,TOTAL,Work,Ecuador,1,0,Provisional,29593
2017-10,2019-01,Long-term migrant,Arrivals,TOTAL,Work,Egypt,5,0,Provisional,29594
2017-10,2019-01,Long-term migrant,Arrivals,TOTAL,Work,Estonia,4,0,Provisional,29595
2017-10,2019-01,Long-term migrant,Arrivals,TOTAL,Work,Europe,997.136,0.304999376,Provisional,29596
2017-10,2019-01,Long-term migrant,Arrivals,TOTAL,Work,Fiji,42,0,Provisional,29597
2017-10,2019-01,Long-term migrant,Arrivals,TOTAL,Work,Finland,9,0,Provisional,29598
2017-10,2019-01,Long-term migrant,Arrivals,TOTAL,Work,Former Yugoslav Republic of Macedonia (FYROM),1,0,Provisional,29599
2017-10,2019-01,Long-term migrant,Arrivals,TOTAL,Work,France,105.064,0.20693412,Provisional,29600
2017-10,2019-01,Long-term migrant,Arrivals,TOTAL,Work,French Polynesia,1,0,Provisional,29601
2017-10,2019-01,Long-term migrant,Arrivals,TOTAL,Work,Germany,105,0,Provisional,29602
2017-10,2019-01,Long-term migrant,Arrivals,TOTAL,Work,Guam,1,0,Provisional,29603
2017-10,2019-01,Long-term migrant,Arrivals,TOTAL,Work,Guyana,1,0,Provisional,29604
2017-10,2019-01,Long-term migrant,Arrivals,TOTAL,Work,Hong Kong (Special Administrative Region),14,0,Provisional,29605
2017-10,2019-01,Long-term migrant,Arrivals,TOTAL,Work,Iceland,1,0,Provisional,29606
2017-10,2019-01,Long-term migrant,Arrivals,TOTAL,Work,India,106,0,Provisional,29607
2017-10,2019-01,Long-term migrant,Arrivals,TOTAL,Work,Indonesia,10,0,Provisional,29608
2017-10,2019-01,Long-term migrant,Arrivals,TOTAL,Work,Iran,2,0,Provisional,29609
2017-10,2019-01,Long-term migrant,Arrivals,TOTAL,Work,Ireland,33,0,Provisional,29610
2017-10,2019-01,Long-term migrant,Arrivals,TOTAL,Work,Israel,1,0,Provisional,29611
2017-10,2019-01,Long-term migrant,Arrivals,TOTAL,Work,Italy,18,0,Provisional,29612
2017-10,2019-01,Long-term migrant,Arrivals,TOTAL,Work,Japan,38.062,0.158831836,Provisional,29613
2017-10,2019-01,Long-term migrant,Arrivals,TOTAL,Work,Jordan,1,0,Provisional,29614
2017-10,2019-01,Long-term migrant,Arrivals,TOTAL,Work,Kazakhstan,1,0,Provisional,29615
2017-10,2019-01,Long-term migrant,Arrivals,TOTAL,Work,Kiribati,1,0,Provisional,29616
2017-10,2019-01,Long-term migrant,Arrivals,TOTAL,Work,Republic of Korea,44,0,Provisional,29617
2017-10,2019-01,Long-term migrant,Arrivals,TOTAL,Work,Kuwait,2,0,Provisional,29618
2017-10,2019-01,Long-term migrant,Arrivals,TOTAL,Work,Laos,1,0,Provisional,29619
2017-10,2019-01,Long-term migrant,Arrivals,TOTAL,Work,Libya,1,0,Provisional,29620
2017-10,2019-01,Long-term migrant,Arrivals,TOTAL,Work,Lithuania,6,0,Provisional,29621
2017-10,2019-01,Long-term migrant,Arrivals,TOTAL,Work,Malaysia,42,0,Provisional,29622
2017-10,2019-01,Long-term migrant,Arrivals,TOTAL,Work,Mexico,5,0,Provisional,29623
2017-10,2019-01,Long-term migrant,Arrivals,TOTAL,Work,Myanmar,1,0,Provisional,29624
2017-10,2019-01,Long-term migrant,Arrivals,TOTAL,Work,Nepal,2,0,Provisional,29625
2017-10,2019-01,Long-term migrant,Arrivals,TOTAL,Work,Netherlands,25,0,Provisional,29626
2017-10,2019-01,Long-term migrant,Arrivals,TOTAL,Work,New Caledonia,1,0,Provisional,29627
2017-10,2019-01,Long-term migrant,Arrivals,TOTAL,Work,New Zealand,1,0,Provisional,29628
2017-10,2019-01,Long-term migrant,Arrivals,TOTAL,Work,Nigeria,3,0,Provisional,29629
2017-10,2019-01,Long-term migrant,Arrivals,TOTAL,Work,Norway,2,0,Provisional,29630
2017-10,2019-01,Long-term migrant,Arrivals,TOTAL,Work,Not Stated,109,0,Provisional,29631
2017-10,2019-01,Long-term migrant,Arrivals,TOTAL,Work,Oceania and Antarctica,246.03,0.117010621,Provisional,29632
2017-10,2019-01,Long-term migrant,Arrivals,TOTAL,Work,Oman,3,0,Provisional,29633
2017-10,2019-01,Long-term migrant,Arrivals,TOTAL,Work,Pakistan,5,0,Provisional,29634
2017-10,2019-01,Long-term migrant,Arrivals,TOTAL,Work,Peru,5,0,Provisional,29635
2017-10,2019-01,Long-term migrant,Arrivals,TOTAL,Work,Philippines,276,0,Provisional,29636
2017-10,2019-01,Long-term migrant,Arrivals,TOTAL,Work,Poland,4,0,Provisional,29637
2017-10,2019-01,Long-term migrant,Arrivals,TOTAL,Work,Qatar,17,0,Provisional,29638
2017-10,2019-01,Long-term migrant,Arrivals,TOTAL,Work,Russia,17,0,Provisional,29639
2017-10,2019-01,Long-term migrant,Arrivals,TOTAL,Work,Samoa,18,0,Provisional,29640
2017-10,2019-01,Long-term migrant,Arrivals,TOTAL,Work,Saudi Arabia,25,0,Provisional,29641
2017-10,2019-01,Long-term migrant,Arrivals,TOTAL,Work,Serbia,4,0,Provisional,29642
2017-10,2019-01,Long-term migrant,Arrivals,TOTAL,Work,Seychelles,1,0,Provisional,29643
2017-10,2019-01,Long-term migrant,Arrivals,TOTAL,Work,Singapore,33,0,Provisional,29644
2017-10,2019-01,Long-term migrant,Arrivals,TOTAL,Work,Slovakia,2,0,Provisional,29645
2017-10,2019-01,Long-term migrant,Arrivals,TOTAL,Work,Slovenia,2,0,Provisional,29646
2017-10,2019-01,Long-term migrant,Arrivals,TOTAL,Work,Solomon Islands,1,0,Provisional,29647
2017-10,2019-01,Long-term migrant,Arrivals,TOTAL,Work,South Africa,239,0,Provisional,29648
2017-10,2019-01,Long-term migrant,Arrivals,TOTAL,Work,Spain,7,0,Provisional,29649
2017-10,2019-01,Long-term migrant,Arrivals,TOTAL,Work,Sri Lanka,30,0,Provisional,29650
2017-10,2019-01,Long-term migrant,Arrivals,TOTAL,Work,Sweden,9,0,Provisional,29651
2017-10,2019-01,Long-term migrant,Arrivals,TOTAL,Work,Switzerland,8,0,Provisional,29652
2017-10,2019-01,Long-term migrant,Arrivals,TOTAL,Work,Taiwan,33,0,Provisional,29653
2017-10,2019-01,Long-term migrant,Arrivals,TOTAL,Work,Tajikistan,1,0,Provisional,29654
2017-10,2019-01,Long-term migrant,Arrivals,TOTAL,Work,Thailand,20,0,Provisional,29655
2017-10,2019-01,Long-term migrant,Arrivals,TOTAL,Work,The Americas,361.064,0.184544746,Provisional,29656
2017-10,2019-01,Long-term migrant,Arrivals,TOTAL,Work,Tonga,5,0,Provisional,29657
2017-10,2019-01,Long-term migrant,Arrivals,TOTAL,Work,TOTAL,2962.354,0.555766891,Provisional,29658
2017-10,2019-01,Long-term migrant,Arrivals,TOTAL,Work,Tunisia,1,0,Provisional,29659
2017-10,2019-01,Long-term migrant,Arrivals,TOTAL,Work,Turkey,2,0,Provisional,29660
2017-10,2019-01,Long-term migrant,Arrivals,TOTAL,Work,Ukraine,5,0,Provisional,29661
